id,last_name,first_name,email,gender,company_name,city
1,Sumption,Sonny,ssumption0@oakley.com,Female,Lesch LLC,Lindian
2,Dibsdale,Gisella,gdibsdale1@ucoz.ru,Female,"White, Torphy and Koch",Malaryta
3,Sutor,Antone,asutor2@liveinternet.ru,Male,Gibson-Beahan,Kombolcha
4,Saleway,Shae,ssaleway3@abc.net.au,Male,Kuhic LLC,Tanqiao
5,Pheby,Jo-anne,jpheby4@ed.gov,Female,"Ward, Kling and Haley",Babug
6,Bantham,Balduin,bbantham5@salon.com,Male,"Murazik, Davis and Bailey",Hwangju-ŭp
7,Coat,Micky,mcoat6@bluehost.com,Female,"Bayer, Koepp and Hammes",Caopie
8,Graybeal,Ezequiel,egraybeal7@usgs.gov,Male,Doyle-Konopelski,Kybartai
9,Moore,Eolanda,emoore8@oracle.com,Female,Stanton-Leannon,La Cruz de Taratara
10,Nitti,Elbert,enitti9@liveinternet.ru,Male,"Raynor, Jacobs and Goldner",Helsingborg
11,Dethloff,Erhart,edethloffa@blogs.com,Male,"Fadel, Heidenreich and Hilll",Diavatá
12,Maruska,Allison,amaruskab@a8.net,Female,"Keeling, VonRueden and Schroeder",Janiuay
13,Babin,Devlin,dbabinc@printfriendly.com,Male,"Dicki, Franecki and Orn",Al Mazra‘ah ash Sharqīyah
14,Mammatt,Tam,tmammattd@blinklist.com,Male,"Upton, Grant and Tremblay",Norsborg
15,Roberto,Marika,mrobertoe@ihg.com,Female,Aufderhar Inc,Baryshevo
16,Fairlamb,Gery,gfairlambf@mapy.cz,Male,Kilback Inc,Calapan
17,Gaynesford,Jammie,jgaynesfordg@google.co.uk,Female,Koch Inc,Ciekek
18,Hatherleigh,Stefa,shatherleighh@imdb.com,Female,"Dicki, Beahan and Schroeder",Marcabamba
19,Fomichkin,Demetri,dfomichkini@skype.com,Male,Gislason-Eichmann,Dondon
20,Tooker,Chrysler,ctookerj@weebly.com,Female,"Schultz, Effertz and Murphy",Smimou
21,Griffin,Elisha,egriffink@infoseek.co.jp,Female,Koepp-Hane,Cigadog
22,Gres,Nappy,ngresl@unesco.org,Male,"Miller, Blick and Reilly",Nowy Duninów
23,Lewtey,Birgit,blewteym@cyberchimps.com,Female,Jacobs LLC,Olsztynek
24,Toffanini,Drusi,dtoffaninin@yale.edu,Female,Schimmel-Cronin,Celeirós
25,Peoples,Gabriel,gpeopleso@bbb.org,Female,Runolfsson-Ratke,Niba
26,Gabbetis,Nicholas,ngabbetisp@tripod.com,Male,"Will, Cruickshank and McGlynn",Wurno
27,Shieldon,Otto,oshieldonq@comcast.net,Male,"Emmerich, Conroy and Nikolaus",Tehrān
28,Vaen,Keir,kvaenr@exblog.jp,Male,"Spinka, Reichert and Harris",Thị Trấn Triệu Sơn
29,Ashpole,Poppy,pashpoles@canalblog.com,Female,Veum-Schroeder,Borne Sulinowo
30,Rotchell,Josee,jrotchellt@a8.net,Female,Kuphal-Blanda,Talodi
31,Treven,Alexandro,atrevenu@economist.com,Male,Kovacek-Schaefer,Venda Nova
32,Caret,Gabe,gcaretv@skyrock.com,Male,Stracke-Bahringer,Hongch’ŏn
33,Ransfield,Linea,lransfieldw@goodreads.com,Female,Greenfelder-O'Kon,Thongwa
34,Lammenga,Mackenzie,mlammengax@digg.com,Male,Hodkiewicz Group,North York
35,Bussons,Isak,ibussonsy@google.it,Male,"Schmidt, D'Amore and Denesik",Reiko
36,Gidney,Allistir,agidneyz@cnn.com,Male,O'Connell Inc,Ivanava
37,Elmar,Em,eelmar10@seattletimes.com,Male,"Goyette, Goyette and Bailey",Nūr
38,Munns,Garwood,gmunns11@google.com.au,Male,Kulas and Sons,Bugojno
39,Crossingham,Chuck,ccrossingham12@economist.com,Male,Von Group,Al Balyanā
40,Giddens,Sybila,sgiddens13@cargocollective.com,Female,Crona and Sons,Guintubhan
41,Dysart,Kaia,kdysart14@linkedin.com,Female,Brekke-Effertz,Kibuku
42,Defont,Marley,mdefont15@elegantthemes.com,Female,Ortiz-Lueilwitz,Jintian
43,Fincher,Sherie,sfincher16@forbes.com,Female,Wiza-Ernser,Ferkessédougou
44,Salvati,Cordy,csalvati17@cafepress.com,Female,Roberts LLC,Mölndal
45,Awdry,Polly,pawdry18@si.edu,Female,Eichmann Inc,Concepción
46,Hedling,Jessey,jhedling19@constantcontact.com,Male,"Gulgowski, Leuschke and Turner",Zyablikovo
47,Hanney,Orazio,ohanney1a@qq.com,Male,"Orn, Nicolas and Dach",Judaydah
48,Pavis,Stuart,spavis1b@infoseek.co.jp,Male,Parisian and Sons,Pedaringan
49,Pavel,Guy,gpavel1c@vistaprint.com,Male,Pollich-Maggio,Rosais
50,Chomicz,Melisenda,mchomicz1d@globo.com,Female,Moen-Veum,Mozi
51,Milleton,Moll,mmilleton1e@noaa.gov,Female,Walter Inc,Papineauville
52,Comusso,Jase,jcomusso1f@virginia.edu,Male,"Kutch, Hudson and Ledner",Boshi
53,Weild,Benjamin,bweild1g@ameblo.jp,Male,"Mann, Buckridge and Huel",Cosmópolis
54,Hollidge,Oliver,ohollidge1h@nsw.gov.au,Male,"Schuster, Rippin and Murphy",Pochinok
55,Hoopper,Tabbi,thoopper1i@ifeng.com,Female,Jacobi-Parisian,Jakubowice Murowane
56,Leal,Shawnee,sleal1j@artisteer.com,Female,Lehner-Beer,Al Quţayfah
57,Winckworth,Rik,rwinckworth1k@narod.ru,Male,O'Kon-Bogisich,Nangewer
58,Waddams,Eve,ewaddams1l@amazon.co.jp,Female,Ullrich-Kunze,Yangjian
59,Maass,Christan,cmaass1m@prlog.org,Female,McLaughlin-Walter,Shelabolikha
60,Hairs,Anthia,ahairs1n@google.co.jp,Female,"Hayes, Feil and Gusikowski",Shuangtang
61,Schuster,Otes,oschuster1o@google.ru,Male,"Gislason, Shields and Howe",Opaka
62,Ettridge,Brett,bettridge1p@gnu.org,Female,Von-Mraz,Ob’
63,Farey,Rudolfo,rfarey1q@mit.edu,Male,"Daugherty, Kutch and Becker",Barra Cheia
64,Barti,Julianna,jbarti1r@feedburner.com,Female,Vandervort-Mitchell,Troparëvo
65,Pennrington,Nolie,npennrington1s@illinois.edu,Female,"Borer, Schuster and Murphy",Ismailia
66,Martinho,Arleyne,amartinho1t@cmu.edu,Female,Becker-Hagenes,Chinchiná
67,Doag,Mauricio,mdoag1u@tmall.com,Male,Mayert Inc,Fuyu
68,Iacobini,Zebedee,ziacobini1v@about.com,Male,"Dietrich, Howe and Blick",Lingyang
69,Selburn,Shamus,sselburn1w@ning.com,Male,Bradtke Inc,Luxi
70,MacCostye,Alvinia,amaccostye1x@istockphoto.com,Female,"Kemmer, Friesen and Oberbrunner",Safakulevo
71,Kenwin,Leicester,lkenwin1y@clickbank.net,Male,Hamill-Krajcik,Nacka
72,Whardley,Justin,jwhardley1z@yolasite.com,Male,"Ferry, Murphy and Waelchi",Jiangbu
73,Crohan,Anny,acrohan20@yahoo.co.jp,Female,Gibson-Lubowitz,Ipiales
74,Bertram,Elsa,ebertram21@ezinearticles.com,Female,Kuhic LLC,Hirvensalmi
75,Barrand,Casar,cbarrand22@ameblo.jp,Male,Bahringer and Sons,Tomaszów Lubelski
76,Challin,Ezri,echallin23@mapquest.com,Male,Heathcote-Beier,Los Angeles
77,Andersch,Elfrida,eandersch24@bandcamp.com,Female,Stracke and Sons,Nova Venécia
78,Hansman,Morgan,mhansman25@squidoo.com,Male,Turcotte LLC,Valle de Guanape
79,D'Alesco,Jeremiah,jdalesco26@csmonitor.com,Male,Waters LLC,Piedrancha
80,MacClinton,Mia,mmacclinton27@t-online.de,Female,Wuckert-Blanda,Zhenhai
81,Galsworthy,Nanice,ngalsworthy28@cdc.gov,Female,Kerluke Group,Karditsomagoúla
82,Buterton,Marybelle,mbuterton29@uiuc.edu,Female,"Gislason, Wehner and Gibson",Nikel’
83,Krolak,Andonis,akrolak2a@ehow.com,Male,"Schumm, Gaylord and Weissnat",Parksville
84,Plumbley,Yankee,yplumbley2b@printfriendly.com,Male,Schuster-Legros,Radā‘
85,Deverose,Carissa,cdeverose2c@ucla.edu,Female,Langworth-Stanton,Jijiga
86,Halwood,Cobb,chalwood2d@uiuc.edu,Male,Haley Group,Monte Aprazível
87,Swansbury,Gabriello,gswansbury2e@xrea.com,Male,Dickinson-Miller,Muang Long
88,Crinidge,Nanni,ncrinidge2f@upenn.edu,Female,"O'Kon, Bayer and Sipes",Sydney
89,Jaukovic,Teodoro,tjaukovic2g@slashdot.org,Male,"Gleichner, Boyer and Schiller",Malimaneek
90,Mayou,Korie,kmayou2h@dot.gov,Female,"Lesch, Daugherty and Walker",Luján
91,Nan Carrow,Freida,fnancarrow2i@booking.com,Female,Streich Inc,Ząbkowice Śląskie
92,Hancill,Noreen,nhancill2j@com.com,Female,Ortiz-Boyle,Ngadipuro
93,O'Hegertie,Adelaide,aohegertie2k@lycos.com,Female,Bernhard Inc,Lyon
94,Megany,Zed,zmegany2l@studiopress.com,Male,"O'Conner, Reichert and Predovic",Rungis
95,Ferson,Domingo,dferson2m@bbc.co.uk,Male,Gottlieb-Green,Artimet
96,Buck,Maxim,mbuck2n@bravesites.com,Male,Tromp and Sons,Радишани
97,Rosoni,Raimund,rrosoni2o@trellian.com,Male,"Medhurst, Jaskolski and Walker",Ishikawa
98,Ankrett,Kati,kankrett2p@hexun.com,Female,"Schuppe, Vandervort and Emmerich",Sukakerta
99,Jakoubek,Lizette,ljakoubek2q@ucoz.com,Female,Gutmann Inc,Colcabamba
100,Kopps,Wheeler,wkopps2r@flickr.com,Male,"Dicki, Gleason and Cronin",Longvic
101,Checklin,Fayina,fchecklin2s@weather.com,Female,"Koepp, Bayer and Runolfsson",Patos de Minas
102,Bonhan,Craggie,cbonhan2t@instagram.com,Male,Douglas and Sons,Gemblengmulyo
103,Mattevi,Barney,bmattevi2u@macromedia.com,Male,Rutherford-Sporer,Platičevo
104,Duckerin,Yorgos,yduckerin2v@themeforest.net,Male,Blanda-Kuphal,Luján
105,Colhoun,Barde,bcolhoun2w@flavors.me,Male,Schumm-Gleason,Varaždin
106,Boobier,Tiena,tboobier2x@mlb.com,Female,Wyman-Ruecker,Kikinda
107,Portman,Parker,pportman2y@t-online.de,Male,"Crona, Feeney and O'Kon",Enhtal
108,Ablitt,Tersina,tablitt2z@php.net,Female,Lind Inc,Jarošov nad Nežárkou
109,Mauser,Bartram,bmauser30@nature.com,Male,"Wehner, Fritsch and King",Wangyi Zhendian
110,Schwand,Petronella,pschwand31@wordpress.org,Female,Towne-Boehm,Rokytne
111,Paulus,Gearalt,gpaulus32@google.com.au,Male,"Kuhic, Renner and Hills",Kosmach
112,Tregent,Winnifred,wtregent33@ucoz.ru,Female,Hagenes-Boyle,Ntoke
113,Kobus,Wini,wkobus34@eepurl.com,Female,"Feest, Denesik and McCullough",Shicheng
114,Zannutti,Min,mzannutti35@nsw.gov.au,Female,"Greenfelder, Gutkowski and Pfannerstill",Tanay
115,Knutton,Annmaria,aknutton36@elpais.com,Female,Hauck-Fahey,Santa Teresita
116,Vuittet,Sibella,svuittet37@angelfire.com,Female,Murray-Haag,Krosno
117,Niessen,Sybil,sniessen38@forbes.com,Female,Metz-Rosenbaum,Hetou
118,Pippard,Barney,bpippard39@netvibes.com,Male,"Funk, Ryan and Rohan",Mukayrās
119,Date,Richmond,rdate3a@usnews.com,Male,Johnson Group,Mangarine
120,Philpault,Dannie,dphilpault3b@about.com,Female,"Reynolds, Marvin and Kutch",Kamionka Strumitowa
121,Skeath,Netty,nskeath3c@chronoengine.com,Female,"Kozey, Lebsack and Stehr",Taraan
122,Gorry,Murray,mgorry3d@washingtonpost.com,Male,Upton and Sons,Cikole
123,Cuckson,Gwenneth,gcuckson3e@g.co,Female,Reichert LLC,Myanaung
124,Duns,Alla,aduns3f@weather.com,Female,"Wolf, Botsford and Bradtke",Bolhrad
125,Kither,Lita,lkither3g@edublogs.org,Female,Adams-Greenholt,Cueto
126,Housley,Carline,chousley3h@businessinsider.com,Female,"Haag, Douglas and O'Kon",Hoeryŏng
127,Le Marquand,Emmalyn,elemarquand3i@sourceforge.net,Female,"Beer, Hammes and Breitenberg",Sobrosa
128,Vanyukhin,Freida,fvanyukhin3j@google.pl,Female,Williamson-Renner,Mountain View
129,Fishbourn,Finn,ffishbourn3k@pbs.org,Male,"Murphy, Murray and Grimes",Achiras
130,Mandeville,Waldon,wmandeville3l@cpanel.net,Male,Marks-Upton,Jingzi
131,Burn,Katerina,kburn3m@diigo.com,Female,"Kub, Cassin and Littel",San Miguel Dueñas
132,Oxbrow,Fleurette,foxbrow3n@free.fr,Female,Trantow LLC,Yelizavetino
133,Willimott,Wiley,wwillimott3o@vinaora.com,Male,"Senger, Cartwright and Fay",Dhaka
134,Erie,Scottie,serie3p@bravesites.com,Male,"Dare, Howell and Wintheiser",Lemland
135,Shildrick,Davidde,dshildrick3q@mayoclinic.com,Male,Hamill Group,Mari
136,Stormonth,Diane-marie,dstormonth3r@yale.edu,Female,"Bartoletti, Leuschke and Runolfsson",Slovenske Konjice
137,Goane,Ezekiel,egoane3s@pen.io,Male,Pfeffer-Hermiston,Sandefjord
138,Avramow,Millicent,mavramow3t@etsy.com,Female,Mohr LLC,Jauja
139,Zelley,Kleon,kzelley3u@altervista.org,Male,"Bogisich, Bode and Hudson",Qiryat Yam
140,Ianno,Dicky,dianno3v@nature.com,Male,Simonis-Schoen,Tayug
141,Annandale,Elbertine,eannandale3w@blog.com,Female,Mante Inc,Zhen’an
142,Ghilardini,Gracie,gghilardini3x@time.com,Female,Abbott-Spinka,Penebel
143,Vyvyan,Shep,svyvyan3y@furl.net,Male,"Cummings, McKenzie and Veum",Göteborg
144,Meffan,Edi,emeffan3z@is.gd,Female,"Murray, Padberg and Schulist",Ordzhonikidzevskaya
145,Tommasuzzi,Kalinda,ktommasuzzi40@yahoo.co.jp,Female,Hyatt-Swaniawski,Chigang
146,Vamplus,Sadye,svamplus41@youtube.com,Female,Wolf-Baumbach,Thanatpin
147,Melody,Shay,smelody42@zdnet.com,Female,Goldner LLC,Nzeto
148,Blundell,Sandra,sblundell43@sfgate.com,Female,Mills Group,Pasaje
149,Vettore,Belicia,bvettore44@mapquest.com,Female,Goodwin Inc,Sala
150,Camilleri,Ferdinande,fcamilleri45@tripadvisor.com,Female,"Denesik, Herman and Howe",Yushan
151,Hartzenberg,Emmeline,ehartzenberg46@cloudflare.com,Female,Adams-Haley,Vila Nova da Baronia
152,Leindecker,Lillis,lleindecker47@slate.com,Female,Flatley-Goodwin,Värnamo
153,Fronczak,Michaela,mfronczak48@boston.com,Female,"Sipes, Weber and Halvorson",Suraż
154,Waud,Kerrin,kwaud49@webeden.co.uk,Female,"Reinger, Smith and Ziemann",Seattle
155,Bellocht,Jameson,jbellocht4a@usatoday.com,Male,Jacobs Inc,Ferreira
156,Tyzack,Fredric,ftyzack4b@csmonitor.com,Male,Denesik LLC,Gongyi
157,Grabban,Lucias,lgrabban4c@china.com.cn,Male,Predovic Group,Pampa de los Guanacos
158,Castelletti,Zacharia,zcastelletti4d@creativecommons.org,Male,Block and Sons,Tugdan
159,Lieb,Denney,dlieb4e@diigo.com,Male,"Ziemann, Ankunding and Lockman",Al Ghāriyah
160,Cunniam,Alia,acunniam4f@cornell.edu,Female,Batz Group,Kisela Voda
161,Casone,Zilvia,zcasone4g@de.vu,Female,"Lind, Jones and Renner",Paynjuwayn
162,Pullman,Zonda,zpullman4h@sfgate.com,Female,Tillman LLC,Seixo de Manhoses
163,Teeney,Enrique,eteeney4i@bbb.org,Male,"Langworth, Halvorson and Christiansen",Ifanes
164,Kilbee,Justen,jkilbee4j@baidu.com,Male,Morar-Langworth,Kafr ash Shaykh
165,Kain,Annora,akain4k@hexun.com,Female,Vandervort-Streich,Oncativo
166,Daal,Larissa,ldaal4l@youtube.com,Female,Murray Inc,Samayac
167,Shord,Bridgette,bshord4m@upenn.edu,Female,O'Reilly Inc,Shangkuli
168,Doerr,Alika,adoerr4n@foxnews.com,Female,Reichert and Sons,Tamaulipas
169,Kincla,Clyde,ckincla4o@google.com,Male,Gutkowski-Jakubowski,Troitsk
170,MacGilmartin,Deonne,dmacgilmartin4p@sohu.com,Female,O'Keefe-Funk,Belozërskoye
171,Le land,Gigi,gleland4q@bizjournals.com,Female,"Homenick, Kulas and Gottlieb",Quintão
172,Taffie,Vinita,vtaffie4r@myspace.com,Female,Volkman LLC,Lorena
173,Licciardello,Merrie,mlicciardello4s@intel.com,Female,Gerlach-Lindgren,Santa Ana
174,Kulicke,Essa,ekulicke4t@over-blog.com,Female,Mayer-O'Reilly,Kimanuit
175,Prickett,Alie,aprickett4u@symantec.com,Female,Gibson LLC,Gunung Sugih
176,Matejovsky,Livia,lmatejovsky4v@icio.us,Female,Runolfsson-Konopelski,Mendeleyevsk
177,Jeacop,Storm,sjeacop4w@dailymotion.com,Female,White LLC,Sundsvall
178,Freen,Aeriela,afreen4x@state.tx.us,Female,"Hayes, Gorczany and Renner",Licupis
179,Daily,Winfield,wdaily4y@github.com,Male,Casper-Konopelski,Inkerman
180,Salaman,Sebastien,ssalaman4z@theguardian.com,Male,Mills Group,Tiechanggou
181,Raynton,Westbrooke,wraynton50@blinklist.com,Male,Wisozk-Anderson,Winschoten
182,Bentham,Haskell,hbentham51@skype.com,Male,Renner-Carter,Masaraway
183,Hauxley,Jazmin,jhauxley52@cornell.edu,Female,"Langosh, Lebsack and Ratke",Suresnes
184,Brickstock,Hewie,hbrickstock53@ebay.com,Male,Roberts-Heller,Roubaix
185,Beavers,Sayers,sbeavers54@sitemeter.com,Male,Schumm-Bode,Fujiayan
186,Wibrew,Glenine,gwibrew55@go.com,Female,"Prohaska, Ritchie and Stanton",Klatovy
187,Wrought,Penn,pwrought56@globo.com,Male,Armstrong Inc,Lebedinovka
188,Laxe,Antonia,alaxe57@123-reg.co.uk,Female,Hessel-Satterfield,Wichit
189,Cruddace,Kort,kcruddace58@gizmodo.com,Male,"Jacobson, Purdy and Gleason",Mosquera
190,Lyons,Ingeborg,ilyons59@pinterest.com,Female,Balistreri-Schultz,New Hyde Park
191,Beddoe,Tansy,tbeddoe5a@usa.gov,Female,"Swift, Quitzon and Hermiston",Girey
192,Rowbotham,Connor,crowbotham5b@hao123.com,Male,Kiehn Inc,Mukařov
193,Matuszinski,Fulton,fmatuszinski5c@nasa.gov,Male,Jaskolski LLC,Vilque
194,Brimilcombe,Stevana,sbrimilcombe5d@slate.com,Female,Mueller-Herzog,Isaka
195,Lots,Danny,dlots5e@time.com,Male,"Quigley, Nicolas and Waters",Bahorí
196,Macura,Aeriela,amacura5f@nymag.com,Female,"Heidenreich, Schmitt and Oberbrunner",Heshang
197,Shead,Crawford,cshead5g@gnu.org,Male,"Grant, Medhurst and Blick",Viļaka
198,Phebee,Josselyn,jphebee5h@netlog.com,Female,Schaefer LLC,Candoso
199,Hessel,Pall,phessel5i@people.com.cn,Male,Dooley Inc,Arlöv
200,Maskrey,Murry,mmaskrey5j@sakura.ne.jp,Male,Pouros-Schuppe,Armash
201,Lamborne,Fawne,flamborne5k@dailymail.co.uk,Female,"Boehm, Schoen and Kilback",Veselí nad Moravou
202,Preddle,Aldon,apreddle5l@newyorker.com,Male,Aufderhar and Sons,Brikcha
203,Frances,Lucila,lfrances5m@xrea.com,Female,Heaney-Beahan,Luanda
204,Allingham,Arvy,aallingham5n@yolasite.com,Male,Beer-Lynch,General Enrique Godoy
205,Tremathack,Georgeanna,gtremathack5o@altervista.org,Female,Hayes and Sons,Sobo
206,Henighan,Emera,ehenighan5p@princeton.edu,Female,"Moore, Lockman and Kihn",Qiaole
207,Dodman,Kristine,kdodman5q@gravatar.com,Female,Hessel LLC,Một Ngàn
208,Treslove,Cthrine,ctreslove5r@arstechnica.com,Female,"Weissnat, Abbott and Yundt",Bato
209,Perrelle,Durant,dperrelle5s@networksolutions.com,Male,Bins LLC,Linköping
210,Longmead,Rowney,rlongmead5t@hugedomains.com,Male,Leffler-Goodwin,Milotice
211,Huxton,Steffane,shuxton5u@adobe.com,Female,Gusikowski-Grant,Manuel Cavazos Lerma
212,Myrick,Hurleigh,hmyrick5v@taobao.com,Male,"Wunsch, Baumbach and Quitzon",Mangge
213,Farquar,Jamal,jfarquar5w@thetimes.co.uk,Male,Mills Group,Sulmierzyce
214,Basden,Ephraim,ebasden5x@tinyurl.com,Male,Kuhn-Rempel,Shabqadar
215,Backson,Clair,cbackson5y@ow.ly,Male,Schaden Group,Trilj
216,Royse,Hermione,hroyse5z@europa.eu,Female,Mraz Inc,Kraslice
217,Dallimore,Marlane,mdallimore60@ask.com,Female,Stiedemann Inc,Guabito
218,Matthis,Lu,lmatthis61@hibu.com,Female,"Stiedemann, Durgan and Morar",Zhangcun
219,Ast,Patrica,past62@ftc.gov,Female,"Davis, Quigley and Hagenes",Buliok
220,Wintersgill,Leshia,lwintersgill63@globo.com,Female,Koelpin-Fritsch,Ravānsar
221,Clutterbuck,Diena,dclutterbuck64@vk.com,Female,Olson-Waelchi,Weibin
222,Allibon,Rennie,rallibon65@ft.com,Female,"Paucek, Muller and Gaylord",Versailles
223,Yelyashev,Ernaline,eyelyashev66@dmoz.org,Female,Beatty and Sons,Alaghsas
224,Knightly,Mabelle,mknightly67@delicious.com,Female,Stokes-Harris,Hvozdná
225,Richings,Netta,nrichings68@netvibes.com,Female,"Stamm, Kulas and Balistreri",Tsant
226,Raycroft,Tarra,traycroft69@goodreads.com,Female,Gerhold-Blick,Nabeul
227,Snelle,Isabeau,isnelle6a@newyorker.com,Female,"Boyle, Kirlin and Miller",Nürnberg
228,Dixie,Mari,mdixie6b@istockphoto.com,Female,Stracke-Auer,Taoyuan
229,Kempster,Myles,mkempster6c@archive.org,Male,"Heaney, Tillman and Orn",Malambo
230,Charlon,Robena,rcharlon6d@zdnet.com,Female,Ratke-Gibson,Adelaide
231,Arnison,Daphne,darnison6e@tinypic.com,Female,Schneider-Dooley,Bordeaux
232,Malek,Isabelle,imalek6f@example.com,Female,"Halvorson, Robel and Gorczany",Kyŏngsŏng
233,Pulteneye,Baillie,bpulteneye6g@dailymotion.com,Male,Luettgen LLC,Carvalho
234,Swindlehurst,Trudie,tswindlehurst6h@shutterfly.com,Female,Berge LLC,Zavoronezhskoye
235,Kenwell,Krispin,kkenwell6i@csmonitor.com,Male,Rodriguez Inc,Kari
236,Devenish,Michelle,mdevenish6j@unesco.org,Female,"Mitchell, Herman and Keeling",Benito Juarez
237,Espinel,Siward,sespinel6k@ustream.tv,Male,Jacobi-Emard,Laiwu
238,Coulthard,Carline,ccoulthard6l@irs.gov,Female,Flatley-Nolan,Huagang
239,McIlraith,Krystyna,kmcilraith6m@domainmarket.com,Female,"Abbott, Altenwerth and Fisher",Zouiat ech Cheïkh
240,Salt,Saudra,ssalt6n@g.co,Female,Hane-Kozey,Xinqiaohe
241,Sherwen,Gigi,gsherwen6o@china.com.cn,Female,Rohan-Gibson,Waru
242,Shiril,Jimmy,jshiril6p@oaic.gov.au,Male,Gaylord Group,Raduzhnyy
243,Abbess,Corey,cabbess6q@umn.edu,Male,Ondricka-Erdman,Montes
244,Beazleigh,Witty,wbeazleigh6r@irs.gov,Male,"Hettinger, Veum and Goldner",Van Nuys
245,Howgill,Alia,ahowgill6s@mac.com,Female,Conroy-Wuckert,Palguyod
246,Juleff,Elysha,ejuleff6t@home.pl,Female,"Runte, Stehr and Upton",Carson City
247,McDonough,Cyrille,cmcdonough6u@bluehost.com,Male,Rath-Leffler,Lucé
248,Sissot,Filberte,fsissot6v@wikia.com,Male,"Ankunding, Hilll and Dickens",Khartsyz’k
249,Fowkes,Theodosia,tfowkes6w@dailymail.co.uk,Female,Kunde-Hickle,Xiabao
250,Durnian,Lamar,ldurnian6x@princeton.edu,Male,McCullough Group,Mezinovskiy
251,McSporrin,Bo,bmcsporrin6y@ftc.gov,Male,Crist Inc,Bantuanon
252,Fursse,Normy,nfursse6z@odnoklassniki.ru,Male,McCullough Group,Saboyá
253,Rodder,Issiah,irodder70@blogtalkradio.com,Male,Collier and Sons,Kalchevaya
254,Kunisch,Bendicty,bkunisch71@vimeo.com,Male,"Lehner, Beatty and Cole",Gorbunki
255,Penhalewick,Maryanna,mpenhalewick72@cmu.edu,Female,Kilback-Blanda,Baiima
256,Digginson,Fancie,fdigginson73@cnbc.com,Female,Rosenbaum-Terry,Longsha
257,Halley,Correna,challey74@oaic.gov.au,Female,Hahn-Farrell,Ḩabābah
258,Pithie,Enos,epithie75@t.co,Male,Harris-Satterfield,Zhushan Chengguanzhen
259,Hughlin,Illa,ihughlin76@jugem.jp,Female,Erdman and Sons,Suwaduk
260,Tellenbroker,Dedie,dtellenbroker77@google.co.uk,Female,"Dicki, Yundt and Macejkovic",Örnsköldsvik
261,Scrivner,Vanya,vscrivner78@answers.com,Female,Abernathy-Hodkiewicz,Kut Chap
262,Franzini,Fergus,ffranzini79@marriott.com,Male,Sporer-Gutmann,Tržič
263,Baughen,Fidole,fbaughen7a@nasa.gov,Male,Cartwright Inc,Gudang
264,Prattin,Eal,eprattin7b@51.la,Male,"Steuber, O'Conner and Ritchie",Longgang
265,Siemons,Lulita,lsiemons7c@slate.com,Female,"Mitchell, Herzog and Lang",Khayr Kōṯ
266,Wellesley,Wilmer,wwellesley7d@ucla.edu,Male,"Pollich, Johnston and Goodwin",Poputnaya
267,Hellwing,Rebekkah,rhellwing7e@msn.com,Female,Mayer-Tromp,Podgornaya
268,Cater,Aida,acater7f@networksolutions.com,Female,"Heaney, Denesik and Schneider",Gulbene
269,Redholls,Anne-corinne,aredholls7g@t-online.de,Female,"Boyer, Cartwright and Barton",António Enes
270,Lockhart,Levin,llockhart7h@ed.gov,Male,"Hagenes, Boehm and Gulgowski",Sarāb
271,Andrewartha,Bianka,bandrewartha7i@flickr.com,Female,"Carter, Powlowski and DuBuque",El Rincón
272,Jeffries,Isabel,ijeffries7j@google.es,Female,Green-King,Ketanen
273,Jedrych,Carissa,cjedrych7k@toplist.cz,Female,Volkman-Rath,Florencio Sánchez
274,Challenor,Rolland,rchallenor7l@canalblog.com,Male,Murazik and Sons,Landim
275,Tigner,Jacky,jtigner7m@columbia.edu,Male,Morar-Schmeler,Huangge
276,Gurton,Gilbert,ggurton7n@ustream.tv,Male,Harris LLC,Hovorany
277,Lorkins,Janifer,jlorkins7o@patch.com,Female,Reilly LLC,Lokot’
278,Pischel,Lynn,lpischel7p@last.fm,Male,Nolan-Haley,Pingdingshan
279,Hazle,Clevey,chazle7q@blogtalkradio.com,Male,Lakin Group,Hangji
280,Axworthy,Tucky,taxworthy7r@imgur.com,Male,"Lemke, Farrell and Feeney",Krajan
281,Gayter,Neall,ngayter7s@mapy.cz,Male,Runolfsdottir Inc,Sucre
282,Reolfi,Urbanus,ureolfi7t@dailymail.co.uk,Male,"Waters, Waters and Bechtelar",Shashi
283,Lytle,Meryl,mlytle7u@eepurl.com,Male,"Nitzsche, Lebsack and Huels",Hanji
284,Comello,Thornton,tcomello7v@last.fm,Male,Prosacco Group,Qinggang
285,Berzons,Hussein,hberzons7w@arstechnica.com,Male,Barton-Raynor,Notodden
286,Gardner,Nestor,ngardner7x@hhs.gov,Male,"Baumbach, Yost and Dooley",Lianran
287,Studd,Bald,bstudd7y@cnbc.com,Male,Smith-Jones,Quintã
288,McNae,Kennan,kmcnae7z@marriott.com,Male,Cruickshank LLC,Ban Lŭng
289,Netherwood,Paige,pnetherwood80@msn.com,Male,"Lockman, Weissnat and Bosco",Loutráki
290,Potes,Skylar,spotes81@csmonitor.com,Male,Armstrong-Feeney,Sandnes
291,Swabey,Harmonie,hswabey82@cpanel.net,Female,"Wilderman, Hauck and Lang",Tārūt
292,Szwarc,Tiler,tszwarc83@wiley.com,Male,"Stoltenberg, Purdy and Kirlin",Teresita
293,Colclough,Jonas,jcolclough84@hubpages.com,Male,"Corwin, Rempel and O'Reilly",Quebracho
294,Heinreich,Jamaal,jheinreich85@dell.com,Male,"Gorczany, Rath and Bashirian",Nowy Staw
295,Megany,Jacinda,jmegany86@nba.com,Female,"Rogahn, Spencer and Leffler",Kuala Lumpur
296,Banbrick,Daryl,dbanbrick87@harvard.edu,Male,"Daugherty, Turcotte and King",Mersa Matruh
297,Taberner,Irving,itaberner88@blogspot.com,Male,"Hessel, Boehm and Cummerata",Noisy-le-Grand
298,Pennetti,Sadye,spennetti89@jimdo.com,Female,"Volkman, Cartwright and Morissette",Berezayka
299,Hastwell,Inger,ihastwell8a@usnews.com,Male,"Purdy, Sawayn and Bartoletti",Jamaica
300,Cawthorn,Adelbert,acawthorn8b@geocities.com,Male,Thompson-Von,Buđanovci
301,Dew,Peria,pdew8c@yelp.com,Female,Boyle and Sons,Bogoroditsk
302,Hardaway,Harald,hhardaway8d@illinois.edu,Male,Adams-Watsica,Debe
303,Luipold,Olivia,oluipold8e@webnode.com,Female,"Emmerich, Morissette and Hamill",Łubniany
304,Maunder,Mike,mmaunder8f@vkontakte.ru,Male,"Torp, Thompson and Cole",Siaya
305,Bartalot,Sollie,sbartalot8g@nature.com,Male,Rau Inc,Kifrī
306,Smithers,Reena,rsmithers8h@washington.edu,Female,"Lebsack, Doyle and Hauck",Xinquan
307,Heffron,Jeffrey,jheffron8i@pbs.org,Male,"Welch, Schinner and Watsica",Yinglong
308,Dimberline,Nicol,ndimberline8j@jiathis.com,Male,Schroeder Group,Ābdānān
309,Patrick,Carmita,cpatrick8k@europa.eu,Female,Boyle-Metz,Linjiang
310,Piddock,Tanny,tpiddock8l@studiopress.com,Male,"Spencer, Wolff and Connelly",Casal da Anja
311,Duckfield,Reilly,rduckfield8m@sciencedaily.com,Male,Spinka LLC,Dvinskoy
312,Frigot,Marshal,mfrigot8n@foxnews.com,Male,"Block, Hickle and Grady",Billdal
313,Seally,Dionis,dseally8o@abc.net.au,Female,Kshlerin Inc,Houping
314,Effaunt,Arluene,aeffaunt8p@jigsy.com,Female,"Haag, Murazik and Lebsack",Dalarik
315,Clerke,Martie,mclerke8q@goo.ne.jp,Male,Kovacek-Ziemann,Alca
316,MacArd,Kalil,kmacard8r@rambler.ru,Male,"Bartoletti, Willms and Hand",Enskede
317,Glidder,Lanny,lglidder8s@cyberchimps.com,Male,"Cronin, Spencer and Schimmel",San Fernando del Valle de Catamarca
318,Gheerhaert,Phillida,pgheerhaert8t@usda.gov,Female,"Cummings, Von and Farrell",La Mohammedia
319,Orrow,Burty,borrow8u@columbia.edu,Male,"Sauer, Grady and Walter",Empedrado
320,McCloch,Ethelyn,emccloch8v@forbes.com,Female,"Watsica, Okuneva and Fritsch",Mauá
321,McKibbin,Darcee,dmckibbin8w@youku.com,Female,"Sporer, Hagenes and Hoppe",Chengnan
322,Ayree,Nadine,nayree8x@fda.gov,Female,"Spencer, Dickens and Collins",Tagakpan
323,Pasley,Fernando,fpasley8y@mediafire.com,Male,Langosh-Roberts,Béziers
324,O'Hannay,Obed,oohannay8z@smugmug.com,Male,"Schroeder, Collins and Jakubowski",Rurrenabaque
325,Aitchison,Jocelyn,jaitchison90@dedecms.com,Female,"Metz, Lowe and Blanda",Wróblew
326,Areles,Morganica,mareles91@com.com,Female,Durgan Group,Olo
327,Huke,Wilburt,whuke92@webnode.com,Male,Mosciski LLC,Yangmaogong
328,Valenta,Helen,hvalenta93@homestead.com,Female,Brown-Gibson,Shūsh
329,Mertin,Boonie,bmertin94@storify.com,Male,"Hilll, Tromp and Collier",Progër
330,Smellie,Craggie,csmellie95@reddit.com,Male,Sanford-Gibson,Luyang
331,Maunton,Dinah,dmaunton96@wufoo.com,Female,Rosenbaum Group,Pak Phayun
332,Bartocci,Caldwell,cbartocci97@princeton.edu,Male,"Emmerich, Shanahan and Emard",Setaka
333,Brugsma,Durant,dbrugsma98@123-reg.co.uk,Male,Lehner-Shanahan,Noyal-sur-Vilaine
334,McAvaddy,Wyn,wmcavaddy99@ebay.co.uk,Male,Ritchie Inc,Sandao
335,Doles,Nickolas,ndoles9a@godaddy.com,Male,"Nikolaus, Smith and Harber",Nancy
336,Pea,Turner,tpea9b@hugedomains.com,Male,Jerde-Lynch,Dongming
337,Grabert,Corry,cgrabert9c@dot.gov,Female,Emmerich-Aufderhar,Montague
338,Eastam,Cobb,ceastam9d@artisteer.com,Male,Hudson LLC,Zhuyu
339,Hantusch,Kristyn,khantusch9e@vistaprint.com,Female,Grimes and Sons,Brak
340,Beevor,Neysa,nbeevor9f@t.co,Female,Witting-Reichert,Strömsund
341,Banishevitz,Abramo,abanishevitz9g@cnbc.com,Male,Cartwright LLC,Rodez
342,Marmon,Emlen,emarmon9h@sphinn.com,Male,Hodkiewicz-Kling,Město Albrechtice
343,Brimilcombe,Rosemary,rbrimilcombe9i@list-manage.com,Female,"Feil, Marvin and Nikolaus",Nishio
344,Noto,Lynnell,lnoto9j@freewebs.com,Female,Murazik and Sons,Yanwukou
345,Jales,Gay,gjales9k@mapquest.com,Female,Weber LLC,Kurihashi
346,Braksper,Helli,hbraksper9l@mit.edu,Female,DuBuque-Beatty,Palmas
347,Fuge,Park,pfuge9m@addthis.com,Male,Brekke-Rodriguez,Xinfeng
348,Seeviour,Sybil,sseeviour9n@nyu.edu,Female,Blick-Jacobson,Konyshevka
349,Haxell,Frederique,fhaxell9o@japanpost.jp,Female,Senger LLC,Le Bourget-du-Lac
350,Chace,Eugene,echace9p@people.com.cn,Male,Kerluke-Gerhold,Roissy Charles-de-Gaulle
351,Eborn,Carce,ceborn9q@senate.gov,Male,"O'Conner, Braun and Pollich",Österbybruk
352,Chazette,Kiel,kchazette9r@rambler.ru,Male,Thiel-Wolff,Ha’erlong
353,Lippitt,Eb,elippitt9s@eventbrite.com,Male,Schinner LLC,Sann
354,Grigori,Arabelle,agrigori9t@ibm.com,Female,Goldner-Grant,Zagreb - Centar
355,Loxley,Shelley,sloxley9u@wp.com,Female,"Lind, Rempel and Glover",Heshe
356,Wasbey,Durante,dwasbey9v@skype.com,Male,Wolf-Crona,Yaroslavskiy
357,Chatelot,Kaycee,kchatelot9w@jigsy.com,Female,"Ruecker, Wyman and Cronin",Tullinge
358,O'Cullinane,Maryanne,mocullinane9x@imgur.com,Female,Casper Group,Sabang
359,Hyde,Kellia,khyde9y@wiley.com,Female,"Crona, Wolff and Kuhn",Liufu
360,Girault,Hesther,hgirault9z@webeden.co.uk,Female,Hand Inc,Baton Rouge
361,Booker,Tammie,tbookera0@lycos.com,Female,Tremblay Group,Banjar Baleagung
362,Duddy,Bartel,bduddya1@smugmug.com,Male,Gutmann Group,Oenopu
363,Coventon,Brigham,bcoventona2@github.io,Male,Murazik-Cummerata,Shitong
364,Frankis,Jenny,jfrankisa3@state.gov,Female,"Runte, Lubowitz and Ward",Czarna
365,Di Giacomo,Swen,sdigiacomoa4@nyu.edu,Male,Oberbrunner and Sons,Pancur
366,Betton,Sigismund,sbettona5@nba.com,Male,"Dietrich, Dickinson and Schmitt",Shishang
367,St Quenin,Fran,fstquenina6@un.org,Female,Cummerata LLC,Kayar
368,Lamperti,Alica,alampertia7@123-reg.co.uk,Female,"Pfannerstill, Hintz and Lehner",Sukorejo
369,Jurisch,Gunther,gjurischa8@howstuffworks.com,Male,"Sipes, Botsford and Tromp",Kochevo
370,Veldstra,Ruprecht,rveldstraa9@msn.com,Male,Schimmel LLC,Shamkhor
371,Leupold,Koressa,kleupoldaa@sina.com.cn,Female,Ankunding LLC,Paipa
372,Casillis,Celie,ccasillisab@webnode.com,Female,"Rippin, Pacocha and Simonis",Västerhaninge
373,Searle,Haywood,hsearleac@cdbaby.com,Male,Bailey-Deckow,Uppsala
374,Wicher,Corie,cwicherad@prlog.org,Female,Ullrich-VonRueden,Changping
375,Mervyn,Hazel,hmervynae@nytimes.com,Male,Thiel and Sons,Mons
376,Wrettum,Edgard,ewrettumaf@github.io,Male,Swaniawski Group,Samagaltay
377,Pilgrim,Constantin,cpilgrimag@dyndns.org,Male,Friesen Inc,Huajialing
378,Gilardoni,Leah,lgilardoniah@taobao.com,Female,Eichmann-Gerhold,Colomiers
379,Hubbert,Carly,chubbertai@disqus.com,Male,VonRueden LLC,Longping
380,O' Clovan,Beitris,boclovanaj@wix.com,Female,Lind LLC,Changle
381,Ivantyev,Marysa,mivantyevak@squarespace.com,Female,Muller-Will,Panitian
382,Maith,Lizabeth,lmaithal@seesaa.net,Female,Wunsch Group,Munturkaju
383,Casaccio,Web,wcasaccioam@barnesandnoble.com,Male,Raynor-Langosh,Siyabuswa
384,Wank,Joscelin,jwankan@bloomberg.com,Female,Kautzer Group,San Andres
385,Archdeacon,Libbi,larchdeaconao@sciencedaily.com,Female,"Vandervort, Ward and Lesch",Binuangan
386,Rosenshine,Patric,prosenshineap@biblegateway.com,Male,Morar-Batz,Kadusimbar
387,Meace,Myra,mmeaceaq@mediafire.com,Female,Anderson and Sons,Siverskiy
388,Quarrington,Milzie,mquarringtonar@ehow.com,Female,"Runolfsson, Abshire and Schamberger",Itapevi
389,Kears,Nobie,nkearsas@addtoany.com,Male,Prohaska-Bergnaum,Pô
390,Laurance,Pace,plauranceat@answers.com,Male,"Ankunding, Satterfield and Adams",Ciherang
391,Fogden,Frasco,ffogdenau@ocn.ne.jp,Male,"Sporer, Rath and Schumm",Ýpsonas
392,Corradino,Caressa,ccorradinoav@flickr.com,Female,Murray Inc,Shihuang
393,Dearn,Valma,vdearnaw@friendfeed.com,Female,"O'Hara, Will and Spencer",Triteh
394,Welberry,Allissa,awelberryax@posterous.com,Female,Wolf and Sons,Portland
395,Mayell,Eva,emayellay@hhs.gov,Female,Bernier and Sons,Midleton
396,Silberschatz,Leonidas,lsilberschatzaz@hugedomains.com,Male,Champlin-Ondricka,Caçapava
397,Comettoi,Bradford,bcomettoib0@scientificamerican.com,Male,Tremblay LLC,Chester
398,Celier,Angeline,acelierb1@de.vu,Female,Abshire-Dibbert,Shoushan
399,Swithenby,Jacob,jswithenbyb2@t-online.de,Male,Heathcote Group,Feira de Santana
400,Romanet,Francklyn,fromanetb3@princeton.edu,Male,"Murphy, Kemmer and McKenzie",Benito Juarez
401,Carrivick,Bennie,bcarrivickb4@bigcartel.com,Female,Mitchell-Kerluke,Biała Piska
402,Boxill,Gabbie,gboxillb5@techcrunch.com,Female,Feeney-Bode,Padurung
403,Jouanet,Clevey,cjouanetb6@uiuc.edu,Male,"Weissnat, Koelpin and Feil",Wairinding
404,Funcheon,Town,tfuncheonb7@msu.edu,Male,"Kerluke, Heidenreich and Kemmer",Bang Sai
405,Lodovichi,Verge,vlodovichib8@nbcnews.com,Male,"Kuhlman, Feil and Hand",Sambogunung
406,Bremeyer,Zach,zbremeyerb9@nifty.com,Male,Swaniawski Group,Conceição do Jacuípe
407,Benettolo,Abie,abenettoloba@scribd.com,Male,"Treutel, Kessler and Bernhard",Gur’yevsk
408,Bagby,Kurt,kbagbybb@ow.ly,Male,Wilkinson-Kunde,Modot
409,Rumens,Emili,erumensbc@eepurl.com,Female,Brown Group,Manzanillo
410,Bachelor,Casper,cbachelorbd@qq.com,Male,Ebert Inc,Shuiyang
411,Balloch,Osmund,oballochbe@drupal.org,Male,Lowe Group,Simo Satu
412,Goodliff,Smitty,sgoodliffbf@prweb.com,Male,Lindgren-Casper,Lau
413,Partleton,Dottie,dpartletonbg@twitter.com,Female,Hickle Inc,Villa Santa Rita
414,Matejovsky,Sherwin,smatejovskybh@scientificamerican.com,Male,Cronin Group,Tofol
415,Exroll,Burnaby,bexrollbi@youtu.be,Male,Greenfelder-Rodriguez,Ina
416,Lasty,Tessi,tlastybj@ustream.tv,Female,Parker Inc,Bedayutalang
417,Linger,Bartlett,blingerbk@addthis.com,Male,Beahan-Hauck,Kishi
418,Cadwaladr,Pavel,pcadwaladrbl@newyorker.com,Male,Welch-VonRueden,Alameda
419,Sineath,Winfred,wsineathbm@shutterfly.com,Male,Treutel-Bernhard,Detroit
420,MacRannell,Jeno,jmacrannellbn@parallels.com,Male,O'Reilly-Lueilwitz,Heshui
421,Birkhead,Shoshana,sbirkheadbo@mediafire.com,Female,"Reilly, Feest and Herzog",Vale Boeiro
422,Parlot,Clarance,cparlotbp@chronoengine.com,Male,"Waelchi, Fadel and Dietrich",Serra D'El Rei
423,Mushett,Jessey,jmushettbq@apache.org,Male,Pacocha Group,Barda
424,Lanktree,Mollie,mlanktreebr@sitemeter.com,Female,"Gutmann, Hane and Ferry",Kołbiel
425,Dunridge,Bert,bdunridgebs@usa.gov,Female,Nicolas-Wintheiser,Kebonsari Kidul
426,Date,Constancia,cdatebt@amazon.co.jp,Female,Harvey Inc,Baota
427,Martygin,Wilburt,wmartyginbu@smh.com.au,Male,"Ward, Koss and Heathcote",Las Vegas
428,Edridge,Dennie,dedridgebv@homestead.com,Female,"Keebler, Gulgowski and Russel",Pingshan
429,Grodden,Penrod,pgroddenbw@smh.com.au,Male,"Schamberger, Littel and Wiegand",Agrela
430,Thorowgood,Hastie,hthorowgoodbx@guardian.co.uk,Male,Walker-Gerlach,Menuma
431,McDonald,Yoko,ymcdonaldby@eepurl.com,Female,"Witting, Rutherford and Bode",Arles
432,Sturror,Rodi,rsturrorbz@sohu.com,Female,"Connelly, Mueller and Armstrong",Dërmënas
433,Greenard,Hamil,hgreenardc0@aboutads.info,Male,McGlynn Group,Midleton
434,MacGray,Roma,rmacgrayc1@people.com.cn,Male,"Boyle, Gerlach and Pollich",Lorica
435,Camplin,Evanne,ecamplinc2@live.com,Female,Koepp-Ullrich,Ponoka
436,Oxberry,Zacherie,zoxberryc3@merriam-webster.com,Male,"Conn, Gusikowski and Hills",Banjar Dauhmargi
437,Quadling,Pattin,pquadlingc4@state.gov,Male,Stark-Herzog,Lunyuk Ode
438,MacNeachtain,Jessa,jmacneachtainc5@yale.edu,Female,Bednar Inc,Chichaoua
439,Copcutt,Skell,scopcuttc6@wp.com,Male,Halvorson Group,Yōkaichiba
440,Behrens,Vicky,vbehrensc7@ucsd.edu,Female,Kuphal LLC,Jingmen
441,Kyffin,Christabella,ckyffinc8@arizona.edu,Female,Hermiston-O'Kon,Pillpinto
442,Winman,Zelda,zwinmanc9@cbslocal.com,Female,Waters and Sons,Yangxiang
443,Josephy,Avigdor,ajosephyca@joomla.org,Male,"Hermiston, Lindgren and Heller",Carmen de Viboral
444,Laville,Burk,blavillecb@irs.gov,Male,Runte-Reichel,Sidaraja
445,Beltzner,Ronnie,rbeltznercc@usnews.com,Female,Hayes Inc,Keles Timur
446,Kunc,Marcelle,mkunccd@zdnet.com,Female,Auer Group,Bagnolet
447,Ellissen,Fin,fellissence@webeden.co.uk,Male,"Hahn, Olson and Metz",Sete Lagoas
448,Tremberth,Wiatt,wtremberthcf@abc.net.au,Male,"Lindgren, Lockman and Steuber",Kuybyshevo
449,Pover,Emery,epovercg@mail.ru,Male,Jast-Dickinson,Upata
450,Roxby,Lu,lroxbych@earthlink.net,Female,"Johnson, Gutmann and Larson",Lívingston
451,Winwood,Ogden,owinwoodci@cdbaby.com,Male,Bashirian-Grimes,Lebyazh’ye
452,Cutforth,Dode,dcutforthcj@wordpress.org,Female,"Hammes, Boyer and Nolan",Baiyanghe
453,Rudinger,Vonny,vrudingerck@wired.com,Female,Eichmann-Nolan,Benisheikh
454,Hobgen,Mario,mhobgencl@europa.eu,Male,Hayes-Rolfson,Al Manāqil
455,Voss,Isac,ivosscm@senate.gov,Male,Parker LLC,Petrodvorets
456,Raddon,Culley,craddoncn@blog.com,Male,Schuppe and Sons,Rio das Pedras
457,Vanichkov,Ram,rvanichkovco@sphinn.com,Male,Batz-Walter,Bambor
458,Phare,Bernadine,bpharecp@storify.com,Female,Bahringer Inc,Hepo
459,Seamons,Kettie,kseamonscq@clickbank.net,Female,Morissette LLC,Santa Teresa
460,Leaburn,Niko,nleaburncr@springer.com,Male,MacGyver-Lang,Dake
461,Iacavone,Christye,ciacavonecs@mozilla.com,Female,"Parker, Spencer and Schmitt",Várzea Paulista
462,Megson,Emmy,emegsonct@delicious.com,Male,"Tillman, Heathcote and Anderson",Cibitung
463,Laise,Lonnie,llaisecu@google.pl,Female,Pouros LLC,Oulmes
464,Noon,Timmie,tnooncv@cpanel.net,Male,Schowalter-Watsica,Pasirsongket Dua
465,Johnsson,Sonny,sjohnssoncw@instagram.com,Female,Murazik-Wilderman,Lavandeira
466,Piecha,Ignacius,ipiechacx@wikipedia.org,Male,"Stoltenberg, Botsford and Renner",Vitez
467,Bettenay,Wendy,wbettenaycy@state.tx.us,Female,Ledner-O'Conner,San Diego
468,Chartre,Read,rchartrecz@newyorker.com,Male,Kuvalis Inc,Madison
469,Haslegrave,Coralyn,chaslegraved0@msu.edu,Female,Goyette Group,Qingshu
470,Tott,Katuscha,ktottd1@rambler.ru,Female,Feil-McCullough,Várzea Paulista
471,Ruffles,Emmeline,erufflesd2@macromedia.com,Female,Jenkins Inc,Benevides
472,Sirr,Yetty,ysirrd3@reuters.com,Female,"Schneider, Kuhn and Botsford",Rennes
473,Sked,Erie,eskedd4@comcast.net,Male,Heathcote LLC,Idtig
474,Fahrenbach,Thornie,tfahrenbachd5@un.org,Male,Luettgen-Schowalter,Scholkine
475,Waterhous,Meriel,mwaterhousd6@google.pl,Female,"Weissnat, Prosacco and Hodkiewicz",Zdiby
476,Schall,Marve,mschalld7@cbsnews.com,Male,Gerlach-Balistreri,Limbi
477,Bonham,Norine,nbonhamd8@barnesandnoble.com,Female,Klein Inc,Soacha
478,Butler-Bowdon,Jillana,jbutlerbowdond9@ed.gov,Female,Morissette LLC,Sakaiminato
479,Colafate,Isabeau,icolafateda@go.com,Female,Marquardt Group,Milano
480,Binion,Pincus,pbiniondb@cnbc.com,Male,Gleason-Schuppe,Hữu Lũng
481,Mullen,Sharla,smullendc@biglobe.ne.jp,Female,"Ratke, Stroman and Orn",Ghanzi
482,Shufflebotham,Anthony,ashufflebothamdd@jiathis.com,Male,Erdman LLC,Emiliano Zapata
483,Szimoni,Hedwig,hszimonide@jigsy.com,Female,Powlowski Inc,Schengen
484,Wing,Edmund,ewingdf@ed.gov,Male,"Mueller, Wunsch and Miller",Chongjin
485,Pepon,Kristen,kpepondg@china.com.cn,Female,Kertzmann-Treutel,Nan’an
486,Southouse,Bill,bsouthousedh@ustream.tv,Male,Lesch Inc,Pajoreja
487,Andrey,Christian,candreydi@lycos.com,Male,Nolan LLC,Krajan Dukuhseti
488,Reijmers,Cathyleen,creijmersdj@opera.com,Female,Schneider and Sons,Lensk
489,Alexandersson,Marthena,malexanderssondk@tinypic.com,Female,"Weber, Herman and McGlynn",Gechuan
490,Fishlee,Allyn,afishleedl@tmall.com,Female,Effertz Inc,Sila
491,Wince,Walther,wwincedm@fda.gov,Male,Jerde-Bauch,Virginia
492,Fownes,Agatha,afownesdn@amazon.co.uk,Female,"Bashirian, Flatley and Mante",Zapatero
493,Barajaz,Randy,rbarajazdo@goodreads.com,Female,Schultz-Kris,Pa Bon
494,Castellanos,Munmro,mcastellanosdp@cmu.edu,Male,"Hammes, Mohr and Russel",Lanci Satu
495,Tratton,Tiffany,ttrattondq@smh.com.au,Female,Pfannerstill-Sauer,Wushan
496,Donovan,Abigale,adonovandr@feedburner.com,Female,Kertzmann-Dach,Nam Khun
497,Dyerson,Steward,sdyersonds@vinaora.com,Male,"Runolfsson, Von and Lang",Kalugmanan
498,Gozzard,Peg,pgozzarddt@sfgate.com,Female,Lehner Group,Sovetskoye
499,Dubble,Wanids,wdubbledu@nhs.uk,Female,Nikolaus-Bradtke,Settat
500,Edling,Garrek,gedlingdv@jimdo.com,Male,Simonis Group,Macabugos
501,Bahike,Normy,nbahikedw@bravesites.com,Male,Harvey Group,Vila Franca
502,Matthewes,Fidela,fmatthewesdx@flavors.me,Female,Mraz Group,Princeville
503,Battany,Anatola,abattanydy@ning.com,Female,Weber-Haley,Seversk
504,Klimko,Ashlee,aklimkodz@sbwire.com,Female,Durgan Inc,Leuwayang
505,Buglar,Michale,mbuglare0@symantec.com,Male,Roberts and Sons,Toufang
506,Dowtry,Kenton,kdowtrye1@quantcast.com,Male,Williamson-Gleason,Changting
507,Durman,Moria,mdurmane2@microsoft.com,Female,Robel-Hoppe,Seke
508,Cleyburn,Vincent,vcleyburne3@xinhuanet.com,Male,Larkin and Sons,Sida
509,Readwood,Jeri,jreadwoode4@people.com.cn,Female,MacGyver and Sons,Topola
510,Youens,Meagan,myouense5@squarespace.com,Female,Huel-Predovic,Puspajaya
511,Duding,Sherm,sdudinge6@163.com,Male,Romaguera Group,Linoan
512,O' Meara,Rahel,romearae7@deliciousdays.com,Female,Feeney-Hilpert,Saint-Louis
513,Pattullo,Estrella,epattulloe8@chicagotribune.com,Female,"Ondricka, Beer and Towne",Cabeço de Vide
514,Klessmann,Felix,fklessmanne9@indiatimes.com,Male,Schiller-Gerlach,Baras
515,Franzke,Jeddy,jfranzkeea@google.pl,Male,"Kunde, Wilkinson and Schneider",Ivry-sur-Seine
516,Wann,Yolande,ywanneb@google.ca,Female,Franecki Inc,Croix
517,Finnan,Skyler,sfinnanec@who.int,Male,"Bailey, Wunsch and Romaguera",Cigaluh
518,Drewe,Zea,zdreweed@ask.com,Female,Pouros and Sons,Rāwandūz
519,Abate,Michele,mabateee@google.nl,Male,"Dicki, Beier and Ritchie",Padasono
520,Wetter,Enid,ewetteref@cyberchimps.com,Female,Padberg-Mertz,Gardawice
521,Kener,Keriann,kkenereg@bigcartel.com,Female,Beer Inc,Kostelec nad Černými Lesy
522,Montague,Dru,dmontagueeh@thetimes.co.uk,Male,Koepp-Pouros,Najd al Jumā‘ī
523,Hancorn,Fairlie,fhancornei@reverbnation.com,Male,Heidenreich-Gibson,Casal Velho
524,Jorez,Stacee,sjorezej@baidu.com,Male,Ankunding-Gusikowski,Kizlyar
525,Sigmund,Antonin,asigmundek@gmpg.org,Male,Mann Inc,Bełchatów
526,Culshaw,Lucina,lculshawel@goodreads.com,Female,Hermann-Schinner,Dongwan
527,Lindgren,Saleem,slindgrenem@bizjournals.com,Male,Boyle-Jenkins,Xincheng
528,Arnald,Purcell,parnalden@cmu.edu,Male,Hauck-Strosin,Elbasan
529,Staddart,Ferdy,fstaddarteo@addthis.com,Male,Schaden-Christiansen,Pindobaçu
530,Sutherington,Oswell,osutheringtonep@storify.com,Male,Murray-Stanton,Dzaoudzi
531,Gulleford,Quincey,qgullefordeq@delicious.com,Male,"Cormier, Reichel and Kutch",Bolesławiec
532,Fruin,Derward,dfruiner@ebay.co.uk,Male,Murray LLC,Povorino
533,Kellock,Madonna,mkellockes@ucsd.edu,Female,"Gottlieb, Reichel and Keeling",Oubei
534,Boorne,Ron,rboorneet@jugem.jp,Male,"Kovacek, Auer and Keeling",Tangwei
535,Gorry,Eliza,egorryeu@stanford.edu,Female,Kilback-Wunsch,Patani
536,Gabbitis,Correna,cgabbitisev@last.fm,Female,Rempel Group,Medan
537,Meardon,Alvy,ameardonew@unblog.fr,Male,Maggio-Jacobs,Maracha
538,Findlay,Ruby,rfindlayex@va.gov,Female,Prohaska-Hartmann,‘Izrā
539,Lichtfoth,Raffaello,rlichtfothey@creativecommons.org,Male,"Davis, Veum and Rempel",Sukamulya
540,Carcass,Ulrich,ucarcassez@gov.uk,Male,White-Weissnat,Kalumpang
541,Kinnear,Madelon,mkinnearf0@loc.gov,Female,Rice Group,Maswarah
542,Catlin,Sarah,scatlinf1@hatena.ne.jp,Female,"Homenick, Dibbert and Flatley",Baraya
543,Rustadge,Winni,wrustadgef2@seesaa.net,Female,Casper-Streich,Stockholm
544,Gleeson,Ford,fgleesonf3@cnet.com,Male,"Kessler, Heaney and Osinski",Beidaihehaibin
545,Peiro,Karrie,kpeirof4@boston.com,Female,Strosin-Johnston,Téra
546,Ballchin,Latisha,lballchinf5@reverbnation.com,Female,Rempel-Rowe,Macapá
547,Heavens,Annabal,aheavensf6@xing.com,Female,Halvorson-Ebert,Pomerode
548,Vooght,Dorisa,dvooghtf7@elegantthemes.com,Female,Rohan Group,Tandayag
549,Copping,Fae,fcoppingf8@ucoz.com,Female,Johnston-Jacobson,Cotorra
550,Mabbitt,Mortimer,mmabbittf9@4shared.com,Male,Upton Group,Kallífytos
551,Haggerston,Briney,bhaggerstonfa@si.edu,Female,Brekke LLC,Orly aérogare
552,Amos,Farr,famosfb@mac.com,Male,"Turcotte, Haley and Langworth",Tabou
553,Adamovicz,Saloma,sadamoviczfc@storify.com,Female,Berge LLC,Nanlü
554,Lammertz,Jillie,jlammertzfd@telegraph.co.uk,Female,"Cronin, Kuvalis and Willms",Punta del Este
555,Maliphant,Juli,jmaliphantfe@adobe.com,Female,Howe-Prosacco,Poděbrady
556,Iddiens,Lockwood,liddiensff@artisteer.com,Male,Little-Donnelly,Shenavan
557,Sparshett,Lanette,lsparshettfg@netscape.com,Female,Kuvalis-Windler,Yanjiang
558,Ovitts,Kilian,kovittsfh@va.gov,Male,"Weimann, Hodkiewicz and Okuneva",Jombang
559,Howells,Cassaundra,chowellsfi@ehow.com,Female,Halvorson and Sons,Weekaka
560,Pentlow,Hadley,hpentlowfj@uol.com.br,Male,Kiehn LLC,Perstorp
561,Tavinor,Cooper,ctavinorfk@fc2.com,Male,McDermott Inc,Asheville
562,Barth,Engelbert,ebarthfl@slideshare.net,Male,Kunde-Kiehn,La Foa
563,Runge,Giselbert,grungefm@cnbc.com,Male,Leuschke-Kshlerin,Mentaras
564,Pirouet,Delmer,dpirouetfn@intel.com,Male,Fay-Wisoky,Yong’an
565,Pendre,Anna-diana,apendrefo@marketwatch.com,Female,"Koss, Dooley and Lehner",Río Bueno
566,Wickardt,Daniela,dwickardtfp@bloglines.com,Female,Rohan-Stroman,Alor Setar
567,Shotton,Toddie,tshottonfq@reference.com,Male,"Ondricka, Champlin and Jaskolski",Phanom Phrai
568,Harness,Milo,mharnessfr@dropbox.com,Male,"Carter, Herzog and Hammes",Sorang
569,Hursthouse,Jillayne,jhursthousefs@nhs.uk,Female,Kessler Inc,Göteborg
570,Bliben,Sebastian,sblibenft@topsy.com,Male,Schowalter LLC,Quintães
571,Asser,Audi,aasserfu@usnews.com,Female,"Larkin, Donnelly and Dickens",Comandante Luis Piedra Buena
572,Anand,Bobby,banandfv@blogspot.com,Male,Kuhlman-Fisher,Sölvesborg
573,Beausang,Melonie,mbeausangfw@globo.com,Female,"Crist, Barrows and Bahringer",Haveli
574,Gawen,Laurel,lgawenfx@friendfeed.com,Female,Klein Inc,Aldeias de Cima
575,O'Boyle,Elaina,eoboylefy@symantec.com,Female,"Krajcik, Powlowski and Gerlach",Alcainça
576,Wither,Tessy,twitherfz@photobucket.com,Female,Wintheiser and Sons,Kama
577,Storcke,Micah,mstorckeg0@hibu.com,Male,Oberbrunner LLC,Thị Trấn Phù Yên
578,Baldrey,Allx,abaldreyg1@google.es,Female,"Spinka, Hettinger and Osinski",Amaury
579,Brightling,Corissa,cbrightlingg2@wunderground.com,Female,"Abernathy, Conn and Grant",Oświęcim
580,Dalgleish,Lockwood,ldalgleishg3@time.com,Male,Abshire-Walker,Sobinka
581,Manuele,Randell,rmanueleg4@de.vu,Male,O'Connell-Harvey,Rejoyoso
582,Yashnov,Lindy,lyashnovg5@wix.com,Female,Wuckert Inc,Kavýli
583,Chaffin,Shayla,schaffing6@joomla.org,Female,Jast Group,Ráječko
584,Pinchbeck,Yanaton,ypinchbeckg7@usa.gov,Male,Grimes-Wyman,Zhonghouhe
585,Fenech,Port,pfenechg8@comsenz.com,Male,Osinski-Reinger,Rimus
586,Franca,Deirdre,dfrancag9@lycos.com,Female,"Bradtke, Koelpin and Rodriguez",Lhoknga
587,Hanaford,Gabi,ghanafordga@state.tx.us,Female,Jenkins LLC,Dębno
588,Colbran,Reggy,rcolbrangb@zdnet.com,Male,Labadie-Schiller,Naji
589,Mocquer,Isobel,imocquergc@usda.gov,Female,Kemmer-Schiller,Matelândia
590,Purvess,Philipa,ppurvessgd@nba.com,Female,"Carter, Crona and Ankunding",Domampot
591,Culshaw,Kristofer,kculshawge@spotify.com,Male,"Schuster, Becker and Boyer",Krasnyy Kholm
592,Highnam,Blane,bhighnamgf@fema.gov,Male,Nikolaus-Russel,Yunmenling
593,Diggens,Irwin,idiggensgg@spiegel.de,Male,Flatley Group,Digne-les-Bains
594,Scrowby,Kareem,kscrowbygh@printfriendly.com,Male,Runolfsson-Stark,Kampungsusah
595,Matussow,Alix,amatussowgi@ftc.gov,Male,King-Raynor,Bollstabruk
596,Nystrom,Kristina,knystromgj@csmonitor.com,Female,"Brown, Lind and Stracke",Baiquan
597,Kingsman,Felicia,fkingsmangk@senate.gov,Female,Bergnaum-White,Dayton
598,Dufall,Shelley,sdufallgl@miitbeian.gov.cn,Male,Ward-Hackett,Lyon
599,McRuvie,Rory,rmcruviegm@techcrunch.com,Male,"Bergstrom, Sauer and Russel",Кондово
600,Pettipher,Chadd,cpettiphergn@1688.com,Male,Gutmann Group,La‘l
601,Hayne,Erda,ehaynego@google.com.au,Female,Pfannerstill and Sons,Semënovskoye
602,Halsall,Edan,ehalsallgp@wordpress.com,Male,Legros-Shanahan,Xijia
603,Whitmore,Britt,bwhitmoregq@dell.com,Male,"Nienow, Konopelski and Cronin",Klášter
604,Usmar,Tracey,tusmargr@ucoz.ru,Male,"Barrows, Von and Mayert",Shkurinskaya
605,Opdenorth,Ches,copdenorthgs@prweb.com,Male,Koepp-Leuschke,Fengshan
606,Phinnessy,Goober,gphinnessygt@illinois.edu,Male,Feeney-Wolf,Chai Badan
607,Duncan,Kain,kduncangu@hhs.gov,Male,Smitham-Ratke,Kalandagan
608,Blaker,Con,cblakergv@springer.com,Male,Kohler-Stanton,Guisguis
609,Farmer,Goober,gfarmergw@sourceforge.net,Male,Effertz-Stiedemann,Guoyuan
610,Keizman,Brenda,bkeizmangx@economist.com,Female,Fisher LLC,Alagoinhas
611,Bogue,Alfie,aboguegy@wired.com,Female,Orn-Stracke,Tempe
612,Vango,Leah,lvangogz@webs.com,Female,"Ziemann, Brakus and Hilpert",Alibago
613,ffrench Beytagh,Cornela,cffrenchbeytaghh0@exblog.jp,Female,Schoen and Sons,Satipo
614,Carrabott,Rudolf,rcarrabotth1@yellowbook.com,Male,Eichmann-Crist,Jajce
615,Pidwell,Thomasine,tpidwellh2@multiply.com,Female,"Mann, Hagenes and Dickinson",Maghār
616,Lancashire,Marika,mlancashireh3@vimeo.com,Female,"Weimann, Carroll and McLaughlin",Ugljan
617,Isaac,Tania,tisaach4@thetimes.co.uk,Female,Wisoky LLC,Jamālpur
618,Warrick,Camey,cwarrickh5@engadget.com,Male,Abernathy Inc,General Alvear
619,Fend,Thaine,tfendh6@sphinn.com,Male,"Hilll, Rice and Veum",Banyuurip
620,Paramor,Cynde,cparamorh7@walmart.com,Female,Konopelski Group,Náchod
621,Clubley,Jasper,jclubleyh8@lulu.com,Male,Stroman-Glover,Boston
622,Aronin,Tallie,taroninh9@washington.edu,Female,Gutmann-Streich,Ōami
623,Hansod,Elfreda,ehansodha@feedburner.com,Female,Douglas-Gislason,Gunjur
624,Enefer,Betteanne,beneferhb@narod.ru,Female,"Stark, Hessel and Denesik",Aguas del Padre
625,Ginty,Frederic,fgintyhc@over-blog.com,Male,Ferry-Waters,Jiangdianzi
626,Aughtie,Arleen,aaughtiehd@eventbrite.com,Female,Bogisich-Sanford,Hengtanggang
627,Pitherick,Niki,npitherickhe@ftc.gov,Female,Ferry-Kerluke,Tillabéri
628,Batalini,Meredith,mbatalinihf@nih.gov,Female,"Smith, Nolan and Schimmel",Avellaneda
629,Danielczyk,Westbrook,wdanielczykhg@hugedomains.com,Male,Swaniawski-Simonis,Mateus Leme
630,Samart,Biddie,bsamarthh@nba.com,Female,Quitzon LLC,Oujda
631,Mateja,Teddy,tmatejahi@mashable.com,Male,"VonRueden, Bartell and Brakus",Léchovo
632,Blaze,Kikelia,kblazehj@gnu.org,Female,Weber Group,Puerto San José
633,Killingbeck,Peggi,pkillingbeckhk@google.com.hk,Female,"Koss, Tremblay and Schimmel",Lebao
634,Giacomasso,Curry,cgiacomassohl@cornell.edu,Male,"Leffler, Schinner and Kessler",Wanzhai
635,Shinton,Oren,oshintonhm@amazon.co.uk,Male,"Cummerata, Murphy and Crona",Camp Diable
636,Skittle,Mickie,mskittlehn@toplist.cz,Female,Waelchi-Koss,Xiaochi
637,Russ,Brady,brussho@youtu.be,Male,Hessel Inc,Bolilao
638,Kevern,Giustino,gkevernhp@sina.com.cn,Male,Block-Dickinson,Shuigou’ao
639,Rowles,Adolph,arowleshq@independent.co.uk,Male,Kunde-Thiel,La Fortuna
640,Dorsett,Maddy,mdorsetthr@163.com,Female,O'Reilly-O'Keefe,Carmen de Viboral
641,MacFadyen,Juan,jmacfadyenhs@nymag.com,Male,"Pouros, Upton and Roberts",Yantian
642,Vagg,Mayne,mvagght@comcast.net,Male,Hagenes-Labadie,Silvino Lobos
643,Murrells,Maison,mmurrellshu@delicious.com,Male,"Zemlak, Becker and Wisozk",Nakhon Pathom
644,Sallinger,Flem,fsallingerhv@chicagotribune.com,Male,"Zboncak, Hoppe and Lind",Muḩambal
645,McCloud,Roby,rmccloudhw@diigo.com,Female,"Schumm, Treutel and Rodriguez",Rosario
646,Martensen,Hortense,hmartensenhx@tiny.cc,Female,Bayer-Hirthe,Ziway
647,Mahady,Dwain,dmahadyhy@qq.com,Male,Dach LLC,Sefrou
648,Bromehed,Murielle,mbromehedhz@seesaa.net,Female,"Bradtke, Nienow and Block",Ngedhubasa
649,Roscamp,Ambros,aroscampi0@scientificamerican.com,Male,Boehm-Harvey,La Sebala du Mornag
650,Jewster,Saba,sjewsteri1@macromedia.com,Female,Rosenbaum and Sons,Alfeizerão
651,Caldecourt,Sheff,scaldecourti2@yahoo.co.jp,Male,Heaney Group,Kuleqi
652,Yurinov,Noemi,nyurinovi3@earthlink.net,Female,"Corkery, Marquardt and VonRueden",Jingkou
653,Pineaux,Justen,jpineauxi4@jalbum.net,Male,Torphy-Christiansen,San Francisco
654,Rutigliano,Benedetto,brutiglianoi5@sfgate.com,Male,Willms LLC,Kusi
655,Sanpere,Amby,asanperei6@mlb.com,Male,"Morissette, Ebert and Smith",Darenzhuang
656,Sevitt,Linus,lsevitti7@springer.com,Male,"Hand, Ullrich and Sporer",Chok Chai
657,Wansbury,Karylin,kwansburyi8@youku.com,Female,"Turcotte, Strosin and Wiegand",Shunde
658,Rubenovic,Rossy,rrubenovici9@hatena.ne.jp,Male,"Kemmer, Daniel and Mills",Hakui
659,Kellock,Banky,bkellockia@msu.edu,Male,Koepp LLC,Canto
660,Gwilym,Babette,bgwilymib@google.es,Female,Hane and Sons,Newmarket on Fergus
661,Bucham,Sergei,sbuchamic@huffingtonpost.com,Male,Torp and Sons,Nora
662,Leeson,Anton,aleesonid@4shared.com,Male,Gislason Group,La Plata
663,Figg,Cele,cfiggie@globo.com,Female,Schaefer-Rowe,Meipu
664,Robilliard,Aaron,arobilliardif@gmpg.org,Male,"Nader, Halvorson and Auer",Rangmanten
665,Kinnerley,Christiane,ckinnerleyig@issuu.com,Female,Bogan-Hansen,Ningshan Chengguanzhen
666,Gibbetts,Claudelle,cgibbettsih@paginegialle.it,Female,"Goldner, Wunsch and Smitham",Osvaldo Cruz
667,Helwig,Greg,ghelwigii@addthis.com,Male,Hessel-Lang,Gunungmalang Satu
668,Portwaine,Harris,hportwaineij@nasa.gov,Male,"Harvey, Rolfson and Oberbrunner",Kabulusan
669,Lanfare,Jonas,jlanfareik@whitehouse.gov,Male,"Lowe, Jacobi and Oberbrunner",Soledar
670,Cuer,Huntlee,hcueril@goodreads.com,Male,Johnson LLC,Miami
671,Aisman,Barr,baismanim@psu.edu,Male,Ryan LLC,Kenzhe
672,Masterson,Julieta,jmastersonin@blogger.com,Female,Lehner-Abshire,Dainan
673,Landsborough,Mavra,mlandsboroughio@google.co.uk,Female,"Corwin, Witting and Stroman",Quimbaya
674,Kitchenside,Tracee,tkitchensideip@yelp.com,Female,Reichel Group,Emiliano Zapata
675,MacAnespie,Kingston,kmacanespieiq@cargocollective.com,Male,Lang-Huel,Cruz Alta
676,Boone,Grant,gbooneir@slideshare.net,Male,Trantow LLC,Registro
677,Gymlett,Shawnee,sgymlettis@domainmarket.com,Female,Maggio-Funk,Södertälje
678,Paulot,Gennifer,gpaulotit@yahoo.com,Female,"Brekke, Legros and Ferry",Drosáto
679,Tavener,Aubry,ataveneriu@europa.eu,Female,Kuhn and Sons,Taochuan
680,Culpin,Barty,bculpiniv@bluehost.com,Male,Schowalter Inc,Kuantan
681,Newdick,Micheline,mnewdickiw@who.int,Female,Boyle LLC,Pereira
682,Stiell,Liana,lstiellix@altervista.org,Female,Raynor-Kovacek,Krutja e Poshtme
683,Gilleson,Lila,lgillesoniy@cnbc.com,Female,Quitzon-Schuster,Tuburan
684,Ghilardini,Jacquenette,jghilardiniiz@mlb.com,Female,Runolfsdottir-Kshlerin,Charxin
685,Noraway,Poppy,pnorawayj0@gov.uk,Female,Nienow-Brekke,Seremban
686,Howsden,Shirley,showsdenj1@bloglines.com,Female,Langworth LLC,Živinice
687,Petrashov,Dicky,dpetrashovj2@pcworld.com,Male,"Rohan, Schoen and Runte",Hujiagou
688,Bourdel,Jayme,jbourdelj3@unc.edu,Male,Effertz-Huel,Qagan Obo
689,Locksley,Allyce,alocksleyj4@tuttocitta.it,Female,"Rutherford, Kihn and Kessler",Qila Abdullāh
690,Briddock,Ogden,obriddockj5@vkontakte.ru,Male,Gulgowski and Sons,Tabalong
691,Mulqueen,Alysa,amulqueenj6@paginegialle.it,Female,White-Towne,Maliana
692,Gwynn,Agnese,agwynnj7@vk.com,Female,Feest-Kilback,Porto Alegre
693,Whiston,Astrix,awhistonj8@ox.ac.uk,Female,"Schultz, Price and Keeling",Saint-Étienne
694,Marson,Brooks,bmarsonj9@nasa.gov,Male,Brekke-Huel,Somba
695,Sibborn,Nolie,nsibbornja@addtoany.com,Female,"Batz, Windler and Hoppe",Lupane
696,Clixby,Joelynn,jclixbyjb@e-recht24.de,Female,"Botsford, Mann and Halvorson",Domanín
697,MacDermid,Vinita,vmacdermidjc@cpanel.net,Female,Rodriguez-Schaefer,Rudong
698,Leveridge,Dana,dleveridgejd@gnu.org,Male,"Rosenbaum, Kuhn and Padberg",Orange
699,Dreinan,Riannon,rdreinanje@constantcontact.com,Female,Green-Dickinson,Asímion
700,Pourvoieur,Zacharia,zpourvoieurjf@jugem.jp,Male,Gislason-Pagac,Gifu-shi
701,Siggin,Irita,isigginjg@cpanel.net,Female,"Roberts, Medhurst and Lemke",Myitkyina
702,Matashkin,Collette,cmatashkinjh@ycombinator.com,Female,"Hintz, Pollich and Sauer",Bilar
703,Adrain,Rivi,radrainji@examiner.com,Female,"Rolfson, Monahan and Rowe",Tuopu Luke
704,McCandless,Ferrel,fmccandlessjj@miibeian.gov.cn,Male,Mohr Group,El Paso
705,Egiloff,Britta,begiloffjk@blogger.com,Female,Rowe LLC,Amirabad
706,Belfit,Genvieve,gbelfitjl@discuz.net,Female,Dach and Sons,Fort Myers
707,Darlow,Alfonso,adarlowjm@dropbox.com,Male,Orn Inc,Songnim
708,Dignum,Lucas,ldignumjn@addtoany.com,Male,Wilkinson-Walker,Lowayu
709,Kleynermans,Ambrosi,akleynermansjo@ucla.edu,Male,Hessel-Runolfsson,Miao’ergou
710,Rapaport,Vassily,vrapaportjp@abc.net.au,Male,Reilly-Bins,Lianzhou
711,Ickov,Dieter,dickovjq@sphinn.com,Male,"Gislason, Gibson and Hayes",Muranovo
712,Andriulis,Elbertine,eandriulisjr@pbs.org,Female,"Feeney, Wisoky and Abernathy",Shidu
713,Daines,Duky,ddainesjs@pcworld.com,Male,"Waters, Dibbert and Shanahan",Az Zāhir
714,Gofforth,Petra,pgofforthjt@wix.com,Female,"Rogahn, Sanford and Romaguera",Ussuriysk
715,Hoopper,Cyndie,choopperju@merriam-webster.com,Female,McClure Group,Bowang
716,MacAllister,Beale,bmacallisterjv@yale.edu,Male,Bednar-Klocko,Duekoué
717,Hartill,Linzy,lhartilljw@biblegateway.com,Female,Heidenreich Inc,Santa Catarina Barahona
718,Greenard,Elise,egreenardjx@cmu.edu,Female,Bernhard-Ledner,Krajan
719,Hearn,Daron,dhearnjy@hhs.gov,Male,"Gutmann, Crist and Kemmer",Pahing Jalatrang
720,Axford,Anne-marie,aaxfordjz@slideshare.net,Female,Jerde Inc,Pelotas
721,Hincks,Winston,whincksk0@spotify.com,Male,Lakin and Sons,Gosë e Madhe
722,Reddy,James,jreddyk1@mapquest.com,Male,Greenholt Inc,Dongba
723,Holliar,Sasha,sholliark2@wp.com,Female,Runte-Lakin,Cikulina
724,Drinkall,Malina,mdrinkallk3@java.com,Female,Spencer-Stehr,Cottbus
725,O'Mara,Rhona,romarak4@whitehouse.gov,Female,"Olson, Stiedemann and Stokes",São Pedro da Aldeia
726,Headrick,Halley,hheadrickk5@cafepress.com,Female,"Smith, Aufderhar and Kreiger",Sanxing
727,Palphramand,Jordain,jpalphramandk6@edublogs.org,Female,Sporer Group,Tidaholm
728,Widdicombe,Hanny,hwiddicombek7@netvibes.com,Female,Brakus Group,Dolores
729,Tubble,Sebastien,stubblek8@furl.net,Male,"Bartell, Olson and Grady",Kahnūj
730,O'Hartigan,Tawnya,tohartigank9@columbia.edu,Female,"Roob, Bosco and Dibbert",Kuantian
731,Ridd,Randell,rriddka@slashdot.org,Male,"Tillman, Parker and Jacobs",Dasha
732,Yukhnin,Manny,myukhninkb@house.gov,Male,Hilpert Group,Pinega
733,Skerrett,Bengt,bskerrettkc@theguardian.com,Male,Ebert and Sons,Kampungbaru
734,Schulz,Karlis,kschulzkd@dell.com,Male,Weimann Inc,Caminaca
735,Covell,Charmine,ccovellke@wikipedia.org,Female,"Johnston, Dibbert and Daniel",Koani Ndogo
736,Khilkov,Jorey,jkhilkovkf@51.la,Female,Bauch Group,Lárdos
737,Kemmer,Sherlock,skemmerkg@weather.com,Male,Will-Frami,Pinsk
738,Knappe,Connie,cknappekh@si.edu,Female,Kulas-Watsica,Saint-Maixent-l'École
739,Rawcliffe,Hewett,hrawcliffeki@nih.gov,Male,"Batz, Schmitt and Kiehn",Propriá
740,Pautot,Gilberte,gpautotkj@bloomberg.com,Female,MacGyver Inc,Chapadinha
741,De Vaar,Abdel,adevaarkk@typepad.com,Male,Williamson-Fisher,La Esperanza
742,Balaizot,Raphaela,rbalaizotkl@rakuten.co.jp,Female,Walter Inc,Évora
743,Membry,Zitella,zmembrykm@google.ca,Female,Reichel and Sons,Eydhafushi
744,Hucker,Suzie,shuckerkn@theglobeandmail.com,Female,Stracke-Corwin,Kavála
745,Grassick,Dov,dgrassickko@yellowbook.com,Male,"Hermiston, Lubowitz and Kreiger",Issad
746,Chastand,Ellary,echastandkp@wikimedia.org,Male,"Parisian, Carter and Larson",Nowe
747,Ormrod,Venus,vormrodkq@homestead.com,Female,Schamberger Inc,Gambang
748,MacColl,Lincoln,lmaccollkr@soundcloud.com,Male,"Altenwerth, Koepp and Champlin",Bahorí
749,Konmann,Kalinda,kkonmannks@instagram.com,Female,"Schmidt, McGlynn and Bogisich",Saint Joseph
750,Heild,Lilli,lheildkt@umich.edu,Female,Hayes and Sons,Ovsyanka
751,McGarvey,Tripp,tmcgarveyku@usatoday.com,Male,Howell-Schaden,Qiucun
752,Stoeckle,Osbourn,ostoecklekv@clickbank.net,Male,"Reilly, Sipes and Metz",Mazowe
753,Bonus,Chane,cbonuskw@toplist.cz,Male,"Gutkowski, Schumm and Larson",Kuznechikha
754,Chinnock,North,nchinnockkx@usda.gov,Male,"Stoltenberg, Brown and Rau",Balengbeng
755,Micklewicz,Astrix,amicklewiczky@dagondesign.com,Female,Dare-Altenwerth,Ordzhonikidzevskaya
756,Hansman,Jacquelyn,jhansmankz@is.gd,Female,Schroeder LLC,Duyên Hải
757,Beers,Kirstyn,kbeersl0@cornell.edu,Female,"Langworth, Douglas and Johnson",Kagoro
758,Arents,Emmy,earentsl1@spiegel.de,Male,Hahn Inc,Palena
759,Pettipher,Ryun,rpettipherl2@furl.net,Male,"Macejkovic, Murazik and Daugherty",Chemal
760,Glencros,Hurlee,hglencrosl3@ox.ac.uk,Male,"Dickinson, Gerhold and Hyatt",Tucano
761,McMechan,Kristyn,kmcmechanl4@amazon.de,Female,Bahringer Group,Kiboga
762,Langstone,Fax,flangstonel5@drupal.org,Male,"Stehr, Wehner and Johnson",Patong
763,Hansard,Ginny,ghansardl6@google.com,Female,"Lowe, Upton and Hintz",Gračec
764,Redhead,Sigvard,sredheadl7@ucoz.ru,Male,Macejkovic-Pagac,Margita
765,Stainburn,Aurie,astainburnl8@foxnews.com,Female,Fadel-Will,Semanding Barat
766,Boykett,Clarey,cboykettl9@ask.com,Female,Mohr Group,Chaoyang
767,Renvoys,Marcus,mrenvoysla@webmd.com,Male,Abshire-Kirlin,Makabe
768,Eastope,Babb,beastopelb@cornell.edu,Female,Mohr-Bednar,Sulangan
769,Doddrell,Vernon,vdoddrelllc@hhs.gov,Male,Bayer-Rolfson,Nantes
770,Pratten,Kristofor,kprattenld@lulu.com,Male,Beahan and Sons,Hongyan
771,Banford,Frazer,fbanfordle@tripod.com,Male,"Johnson, Jakubowski and Turner",Shangqiu
772,Brimner,Mindy,mbrimnerlf@gizmodo.com,Female,"Schuppe, Doyle and Sporer",Banqiaodian
773,Viste,Shelby,svistelg@loc.gov,Female,Reilly and Sons,Oebai
774,Pinner,Mendy,mpinnerlh@skyrock.com,Male,Conroy-Greenholt,La Sarrosa
775,Sturt,Thorsten,tsturtli@msu.edu,Male,Jacobs LLC,Dengok
776,Balsom,Adrian,abalsomlj@seattletimes.com,Male,Lowe-Johnson,Pentre
777,Hannah,Sophie,shannahlk@oaic.gov.au,Female,Monahan-Larkin,Sinarwangi
778,Ollerhad,Charmine,collerhadll@japanpost.jp,Female,Fay-Grimes,Granada
779,Dewhurst,Addison,adewhurstlm@pbs.org,Male,"Dach, Stanton and Schmeler",Huxiaoqiao
780,Ridel,Homer,hridelln@nsw.gov.au,Male,Lesch-Kuhn,Fengchuan
781,Domoney,Davey,ddomoneylo@alexa.com,Male,Rodriguez LLC,Terney
782,Deam,Marty,mdeamlp@ted.com,Female,Harvey-Lehner,Waterloo
783,Evennett,Torrence,tevennettlq@google.com.hk,Male,Senger-Klein,Goshogawara
784,Pitrelli,Massimo,mpitrellilr@senate.gov,Male,"Barrows, Strosin and Adams",Wissous
785,Finlator,Sarena,sfinlatorls@smh.com.au,Female,D'Amore-Waters,Shepetivka
786,Mallall,Grannie,gmallalllt@merriam-webster.com,Male,"Crist, Schmeler and Gislason",Redinha
787,Espinola,Nananne,nespinolalu@surveymonkey.com,Female,"Nikolaus, West and Jacobs",Lees Summit
788,Calder,Sigrid,scalderlv@blog.com,Female,Cole-Quitzon,Jaguaquara
789,Haines,Rosanna,rhaineslw@abc.net.au,Female,Schinner Group,Naukšēni
790,Hritzko,Trixy,thritzkolx@usnews.com,Female,O'Keefe and Sons,Bassa
791,Burn,Tannie,tburnly@discovery.com,Male,Breitenberg LLC,Al Mazra‘ah
792,Bernhardi,Billi,bbernhardilz@yolasite.com,Female,Lubowitz-Hills,Cabreúva
793,Galego,Allyn,agalegom0@webs.com,Male,Macejkovic-Schuppe,Đắk Mil
794,Hunnywell,Alicea,ahunnywellm1@php.net,Female,"Roob, Adams and Jerde",Beipai
795,Veldstra,Donovan,dveldstram2@mediafire.com,Male,Tromp Group,Bluri
796,Robinette,Laural,lrobinettem3@amazon.com,Female,Jenkins LLC,Satsumasendai
797,Rickett,Loreen,lrickettm4@unesco.org,Female,Schuster Inc,Dayong
798,Josham,Aluino,ajoshamm5@cam.ac.uk,Male,"Leffler, Runolfsson and Rippin",Trzebinia
799,Steger,Alejoa,astegerm6@sciencedirect.com,Male,"Wiza, Ryan and Parisian",Bayan Tuohai
800,De Benedictis,Darrick,ddebenedictism7@ihg.com,Male,Reichel-Luettgen,Duncan Town
801,Stringman,Lucho,lstringmanm8@ft.com,Male,Gottlieb-Price,Sangba
802,Richardon,Collen,crichardonm9@example.com,Female,"Beer, Satterfield and Cassin",Itaporanga
803,Garken,Donnajean,dgarkenma@dedecms.com,Female,Pouros LLC,Wang Nam Yen
804,Bertl,Ashely,abertlmb@artisteer.com,Female,Oberbrunner LLC,Kota Kinabalu
805,Jenkinson,Georg,gjenkinsonmc@ustream.tv,Male,"Stehr, Kihn and Murray",Longshi
806,Cheale,Adore,achealemd@yolasite.com,Female,Boyer Group,Arão
807,Slee,Bunnie,bsleeme@cmu.edu,Female,Bruen Inc,Gavrilov-Yam
808,Phillis,Leila,lphillismf@histats.com,Female,Miller-Braun,Requena
809,Andraud,Sheila,sandraudmg@skyrock.com,Female,Cummings and Sons,Taoling
810,Iorillo,Ferris,fiorillomh@paypal.com,Male,McGlynn-Berge,Lidingö
811,Golston,Harmon,hgolstonmi@bloomberg.com,Male,Wehner-Renner,Mengdong
812,Alekseev,Bel,balekseevmj@issuu.com,Female,Osinski LLC,Zhengchang
813,Hustings,Elora,ehustingsmk@naver.com,Female,"Hickle, Abernathy and Senger",Ujung Gading
814,Piffe,Dyna,dpiffeml@sciencedirect.com,Female,Schamberger-Walter,Dakingari
815,Tether,Hansiain,htethermm@cdbaby.com,Male,Lind Inc,Dąbrowice
816,Rosario,Daphne,drosariomn@dot.gov,Female,"Sipes, Jacobs and Murray",Borgo Maggiore
817,Blatchford,Gussi,gblatchfordmo@discuz.net,Female,"Nolan, Schumm and Ritchie",Gaphatshwe
818,Punch,Bennett,bpunchmp@google.co.jp,Male,Feest-Gerhold,Hermanus
819,Von Salzberg,Leann,lvonsalzbergmq@reference.com,Female,Fahey-Kemmer,Oster
820,Witsey,Giffer,gwitseymr@imageshack.us,Male,Quigley-Hessel,Pesnica pri Mariboru
821,Nehlsen,Emilio,enehlsenms@telegraph.co.uk,Male,"Bode, Moore and Reinger",Jankovec
822,Pendre,Jamaal,jpendremt@nyu.edu,Male,"Effertz, Hayes and Kihn",Nakanojōmachi
823,Terzza,Randene,rterzzamu@deliciousdays.com,Female,"Frami, Grady and Bartoletti",Dardhas
824,Shackle,Joelynn,jshacklemv@vk.com,Female,Davis-Stokes,Ibeto
825,Spinage,Agneta,aspinagemw@list-manage.com,Female,Aufderhar and Sons,Punta Cana
826,Yegorkov,Stinky,syegorkovmx@tripod.com,Male,"Jones, Runolfsdottir and Gorczany",Sawahan
827,Byrth,Milissent,mbyrthmy@tripod.com,Female,Altenwerth-Krajcik,Brie-Comte-Robert
828,Dowzell,Hewe,hdowzellmz@webeden.co.uk,Male,"Rohan, Muller and Rogahn",Varser
829,Chastand,Peggy,pchastandn0@macromedia.com,Female,Rempel Inc,Jiaoxiyakou
830,Whordley,Torrie,twhordleyn1@nsw.gov.au,Female,"Treutel, Homenick and Koepp",Limoeiro de Anadia
831,Brocks,Conroy,cbrocksn2@cnet.com,Male,"Gislason, Murphy and Weber",Jindayris
832,Shevlan,Townsend,tshevlann3@bandcamp.com,Male,"Price, Waters and Kuphal",Iława
833,Borne,Dreddy,dbornen4@51.la,Female,"Durgan, Fadel and Gerhold",Babatngon
834,Simic,Kinna,ksimicn5@moonfruit.com,Female,O'Connell Inc,Praia
835,Sharphurst,Jacquie,jsharphurstn6@slashdot.org,Female,"Bergstrom, Corwin and Schoen",Lahān
836,Tebbit,Eugen,etebbitn7@smugmug.com,Male,"Balistreri, Nolan and Wolf",Anka
837,Barwood,Rudy,rbarwoodn8@youku.com,Male,Dickens LLC,Sandefjord
838,Sackur,Farrel,fsackurn9@salon.com,Male,Cormier-Jones,Gravataí
839,Jeppe,Jandy,jjeppena@gov.uk,Female,Waters and Sons,Kŭrdzhali
840,Schimonek,Myrvyn,mschimoneknb@va.gov,Male,Hansen Inc,Chacarita
841,Ghent,Desdemona,dghentnc@pbs.org,Female,Padberg-Reynolds,San Vicente
842,Frangleton,Patin,pfrangletonnd@dropbox.com,Male,McDermott Inc,Qīr Moāv
843,Lamplough,Estelle,elamploughne@vinaora.com,Female,Leffler-Hodkiewicz,Suidong
844,Trassler,Fonzie,ftrasslernf@cnn.com,Male,Reinger Group,Burao
845,Strafford,Hestia,hstraffordng@xing.com,Female,Walsh Inc,Oganlima
846,Paramor,Charis,cparamornh@exblog.jp,Female,Bernhard-Gorczany,Leiria
847,Methven,Moshe,mmethvenni@tuttocitta.it,Male,Wiza-Leuschke,Puente Alto
848,Sanson,Skip,ssansonnj@cbc.ca,Male,O'Keefe Inc,Jazovo
849,Fairest,Norman,nfairestnk@chicagotribune.com,Male,Adams-Metz,Buzen
850,Sondland,Gilberta,gsondlandnl@pcworld.com,Female,Crooks Group,Chuoyuan
851,McCartney,Gal,gmccartneynm@topsy.com,Male,"Berge, Murazik and Anderson",Levallois-Perret
852,Heinrich,Kirby,kheinrichnn@ihg.com,Male,Mitchell-Hackett,Kayunga
853,Cleeve,Blane,bcleeveno@linkedin.com,Male,"Gusikowski, Dickens and Dach",Nanyuan
854,Laroux,Arliene,alarouxnp@twitpic.com,Female,Bednar Group,Remiremont
855,Mallalieu,Griz,gmallalieunq@w3.org,Male,Nikolaus Inc,Marcara
856,Gritskov,Maryanne,mgritskovnr@fc2.com,Female,Ankunding and Sons,Zarzis
857,Pennrington,Fairlie,fpennringtonns@amazon.com,Male,Koelpin Inc,Norton
858,Ingles,Lovell,linglesnt@is.gd,Male,Osinski-Larkin,Ryczów
859,Rastrick,Myrtice,mrastricknu@bizjournals.com,Female,Kertzmann-Herzog,Gromnik
860,Killingworth,Joan,jkillingworthnv@columbia.edu,Female,Koepp-Tromp,Laiyang
861,Cloney,Zacherie,zcloneynw@squarespace.com,Male,Kling and Sons,Aoufous
862,Coulter,Codi,ccoulternx@mtv.com,Female,Herman LLC,Hali
863,MacAllan,Lorine,lmacallanny@technorati.com,Female,"Brakus, Padberg and Swaniawski",Oslo
864,Eiler,Antonin,aeilernz@e-recht24.de,Male,"Stokes, Ruecker and Fay",Datan
865,Crabb,Nelly,ncrabbo0@biglobe.ne.jp,Female,Kihn-Glover,Ambohitseheno
866,Dunning,Hayes,hdunningo1@alexa.com,Male,Harber-Botsford,Göteborg
867,Stebbin,Ruby,rstebbino2@tinyurl.com,Female,"Spencer, Leffler and Windler",Nonoichi
868,Gorhardt,Araldo,agorhardto3@virginia.edu,Male,"Renner, Bailey and Cummerata",São Miguel do Iguaçu
869,Verick,Bald,bvericko4@weibo.com,Male,"Deckow, McClure and Hansen",Columbus
870,O'Reilly,Gannie,goreillyo5@macromedia.com,Male,Considine Inc,Petropavlovsk
871,MacAne,Maxwell,mmacaneo6@topsy.com,Male,Goyette LLC,Old Harbour Bay
872,Crevy,Celinka,ccrevyo7@miibeian.gov.cn,Female,Schaefer and Sons,Kerkrade
873,Bevens,Currey,cbevenso8@cocolog-nifty.com,Male,Bechtelar-Bogisich,Xekar
874,Mabone,Cris,cmaboneo9@phpbb.com,Female,"Dickinson, Okuneva and Reinger",Zhitan
875,Ranfield,Bradan,branfieldoa@state.tx.us,Male,"Pacocha, Kertzmann and Maggio",Qorovulbozor
876,Garlick,Grete,ggarlickob@google.de,Female,Dickens LLC,Ninh Giang
877,Skill,Emiline,eskilloc@howstuffworks.com,Female,"Cartwright, Doyle and Weissnat",Lengshuijing
878,Burberry,Jessee,jburberryod@sourceforge.net,Male,Volkman Inc,Takeo
879,Thursfield,Elyssa,ethursfieldoe@friendfeed.com,Female,"Dickens, Gleason and Cummings",Belfast
880,Gaylord,Conrade,cgaylordof@go.com,Male,Weimann-Will,Tsapêraī
881,Checklin,Daniella,dchecklinog@miitbeian.gov.cn,Female,"Davis, Murray and Cormier",Novyye Cherëmushki
882,Monks,Colby,cmonksoh@google.com,Male,"Dare, Muller and Von",Jinhua
883,Raitie,Casar,craitieoi@cbsnews.com,Male,Lesch-Ernser,Zarichne
884,Liston,Maurice,mlistonoj@nature.com,Male,Flatley-Marks,Limoges
885,Thieme,Jeffry,jthiemeok@house.gov,Male,Jerde and Sons,Likhovskoy
886,Lowndsborough,Leonanie,llowndsboroughol@mtv.com,Female,"Kreiger, Robel and Watsica",Bebedouro
887,Braywood,Alexis,abraywoodom@netvibes.com,Male,Walker-Dach,Borūjen
888,Chantree,Elianore,echantreeon@auda.org.au,Female,Schiller-Kautzer,Hejiang
889,Kinder,Arlen,akinderoo@wix.com,Female,Bogan-O'Keefe,Gōdo
890,Dombrell,Rabbi,rdombrellop@addthis.com,Male,Abbott LLC,Wangmeng
891,de Keep,Gideon,gdekeepoq@gmpg.org,Male,Orn-Crona,Jatirejo
892,Slayny,Reinhold,rslaynyor@tamu.edu,Male,Hills Group,Kaum Kaler
893,Matuszynski,Daffie,dmatuszynskios@berkeley.edu,Female,"Rutherford, Hamill and Runolfsson",Tengjia
894,Hamblyn,Loretta,lhamblynot@statcounter.com,Female,"Rempel, Sporer and Jacobi",Xinxu
895,Forsard,Stephannie,sforsardou@51.la,Female,Padberg and Sons,Sabangan
896,Kharchinski,Lancelot,lkharchinskiov@harvard.edu,Male,Baumbach Group,Taocheng
897,Jemison,Gav,gjemisonow@digg.com,Male,"Bosco, Connelly and Wolff",Xintang
898,Dudek,Tremayne,tdudekox@earthlink.net,Male,Wyman and Sons,Surat Thani
899,Anthoney,Teodoro,tanthoneyoy@sina.com.cn,Male,Balistreri-Raynor,Quatá
900,Jakucewicz,Ware,wjakucewiczoz@blogger.com,Male,"Koss, Gutkowski and Rau",Kebloran
901,Harwick,Margarete,mharwickp0@nature.com,Female,Wilderman and Sons,Messejana
902,Moodie,Elyse,emoodiep1@scientificamerican.com,Female,Stamm Inc,Gulariyā
903,Kattenhorn,Tandy,tkattenhornp2@nytimes.com,Female,"Harvey, Fritsch and Cole",Tonkino
904,Doerffer,Davidson,ddoerfferp3@aol.com,Male,Wintheiser-Considine,Wutumeiren
905,Churms,Agnes,achurmsp4@dedecms.com,Female,"Leuschke, Hintz and Bernhard",Sussex
906,Winspire,Bryant,bwinspirep5@tumblr.com,Male,"Torp, Tillman and Hammes",Megati Kelod
907,Towner,Kris,ktownerp6@google.cn,Male,"Willms, Wisozk and Hayes",Ampelákia
908,Munro,Garner,gmunrop7@scientificamerican.com,Male,"Buckridge, Thompson and Armstrong",El Pino
909,Andersen,Tadeo,tandersenp8@infoseek.co.jp,Male,"Feeney, Kuhic and Kshlerin",Voloshka
910,Torrijos,Gerald,gtorrijosp9@engadget.com,Male,"Robel, Moore and Bergnaum",Caluquembe
911,Herreran,Lynelle,lherreranpa@netlog.com,Female,Kub-Sporer,Cláudio
912,Hattam,Lawton,lhattampb@pinterest.com,Male,"McClure, Leannon and Kunze",Petaling Jaya
913,Bruins,Clarabelle,cbruinspc@slashdot.org,Female,"Mosciski, Stanton and Bartoletti",Kukuluk
914,Wakerley,Gwenny,gwakerleypd@nih.gov,Female,"Hettinger, Ortiz and Lueilwitz",Manay
915,Tropman,Harman,htropmanpe@si.edu,Male,Anderson-Wiegand,Karengan
916,Tregidga,Ancell,atregidgapf@irs.gov,Male,Ritchie Group,Sanxi
917,Espinel,Kelcie,kespinelpg@amazonaws.com,Female,Ortiz Group,Moussoro
918,Marqyes,Dane,dmarqyesph@prlog.org,Male,Marks-Rau,Comitancillo
919,Tinniswood,Salem,stinniswoodpi@blog.com,Male,"Wilkinson, Morar and Schuster",Boucherville
920,Balentyne,Dorolisa,dbalentynepj@dion.ne.jp,Female,"Cummerata, Kihn and Boyer",Del Rosario
921,Corby,Burnard,bcorbypk@ycombinator.com,Male,Wiza LLC,Litian
922,Dureden,Gordy,gduredenpl@google.ru,Male,Hartmann Inc,Štěnovice
923,Pearman,Nicholle,npearmanpm@nymag.com,Female,Connelly-Tillman,Akankpa
924,Cottom,Oberon,ocottompn@clickbank.net,Male,Bailey Inc,Vichuga
925,Quodling,Shari,squodlingpo@hubpages.com,Female,"Mueller, Stark and Stiedemann",Báguanos
926,Addionisio,Catlee,caddionisiopp@about.me,Female,Strosin LLC,Lufang
927,O'Corren,Meta,mocorrenpq@baidu.com,Female,Hackett-Kuphal,Troitskaya
928,Palatini,Guinevere,gpalatinipr@google.ru,Female,Jacobs-Kilback,Vol’nyy Aul
929,Houseago,Vikki,vhouseagops@t-online.de,Female,"Heaney, Treutel and Hodkiewicz",Belle-Anse
930,Lefever,Verna,vlefeverpt@nps.gov,Female,Kilback LLC,Sundsvall
931,Kays,Jud,jkayspu@example.com,Male,Mayert and Sons,Valence
932,Poor,Ruperta,rpoorpv@auda.org.au,Female,"Skiles, McLaughlin and Beahan",Gucheng
933,Snowball,Morris,msnowballpw@sourceforge.net,Male,Heidenreich-Jast,Paris 12
934,Seyers,Codie,cseyerspx@nationalgeographic.com,Male,Connelly-Medhurst,Châtellerault
935,Bulbeck,Artemas,abulbeckpy@zimbio.com,Male,"Konopelski, Heathcote and Stiedemann",Saint-Pierre
936,Witterick,Corrinne,cwitterickpz@imageshack.us,Female,Mosciski-MacGyver,Gorno-Altaysk
937,MacAskie,Zachariah,zmacaskieq0@dyndns.org,Male,"Wisozk, Breitenberg and Boyer",Načeradec
938,Reichardt,Karoly,kreichardtq1@mayoclinic.com,Female,Sporer and Sons,Pimian
939,Freschini,Mariele,mfreschiniq2@cbc.ca,Female,"White, Flatley and Bernier",Galapa
940,Girt,Meredith,mgirtq3@cocolog-nifty.com,Female,"Murray, Wuckert and Stroman",Kota Bharu
941,Cawston,Kerwin,kcawstonq4@discovery.com,Male,"Cormier, Conn and Fritsch",Piancheng
942,Exposito,Lilla,lexpositoq5@phpbb.com,Female,Feeney Inc,Kālīganj
943,Verrall,Shelton,sverrallq6@accuweather.com,Male,Waelchi-Hahn,Gedangan
944,De Ambrosi,Todd,tdeambrosiq7@wunderground.com,Male,Langworth-Grimes,Valle de Ángeles
945,Hofton,Goldina,ghoftonq8@bizjournals.com,Female,"Botsford, Mohr and Reichert",Tobelo
946,Battey,Catriona,cbatteyq9@etsy.com,Female,Senger and Sons,Las Americas
947,Cotilard,Brien,bcotilardqa@printfriendly.com,Male,"Mills, Pollich and Blick",Néa Ionía
948,Wadwell,Melicent,mwadwellqb@amazon.de,Female,"Mills, Schaefer and Doyle",Borovlyany
949,Wardlaw,Broderic,bwardlawqc@xing.com,Male,Satterfield-Bashirian,El Limon
950,Lautie,Priscilla,plautieqd@mozilla.com,Female,"Zulauf, Blanda and Schmitt",Teluk Pinang
951,Retchford,Danella,dretchfordqe@joomla.org,Female,Hagenes LLC,Zabrat
952,Topes,Willabella,wtopesqf@illinois.edu,Female,Klocko-Corwin,Chiguang
953,Raddon,Patrice,praddonqg@google.com,Female,Lakin-Collins,Asarum
954,De Gregorio,Angelika,adegregorioqh@godaddy.com,Female,"Lueilwitz, Kuhlman and Gorczany",Port-Gentil
955,Spurritt,Ferdinanda,fspurrittqi@studiopress.com,Female,McKenzie LLC,Chicago
956,Wallwork,Natala,nwallworkqj@nature.com,Female,Ruecker Group,Wuli
957,Lapping,Callean,clappingqk@imageshack.us,Male,"Leuschke, Kilback and Spinka",Postoloprty
958,Braley,Gillian,gbraleyql@storify.com,Female,Bartoletti-Carroll,Béreldange
959,Allsup,Nonnah,nallsupqm@utexas.edu,Female,"O'Kon, Kling and Marquardt",Huacho
960,Wyley,Clayton,cwyleyqn@geocities.com,Male,Johnson-Boyer,Mikstat
961,Cheales,Leah,lchealesqo@goo.ne.jp,Female,Langworth and Sons,Sines
962,Doole,Maybelle,mdooleqp@mit.edu,Female,Hackett-Lemke,Rostov-na-Donu
963,Bock,Daveta,dbockqq@goo.ne.jp,Female,Bednar-Vandervort,Esperanza
964,McLardie,Melany,mmclardieqr@nydailynews.com,Female,Prosacco-Hansen,Traganón
965,Casillas,Marlane,mcasillasqs@sohu.com,Female,Hoeger Inc,Machala
966,Buten,Magdaia,mbutenqt@amazon.com,Female,Kling LLC,Nangerang
967,Mealiffe,Orion,omealiffequ@mashable.com,Male,"Beatty, Dare and Beahan",Staryy Cherek
968,Jacobson,Heindrick,hjacobsonqv@cpanel.net,Male,Collier-Aufderhar,Kaka
969,Grane,Paulette,pgraneqw@wsj.com,Female,West Inc,Lakatoro
970,Tipper,Lew,ltipperqx@ucoz.com,Male,Abernathy-Welch,Cassilândia
971,Baselli,Christopher,cbaselliqy@google.cn,Male,Keebler-Jaskolski,Santiago del Torno
972,Pennick,Cory,cpennickqz@alexa.com,Female,Wisoky LLC,Chamouny
973,Spada,Becky,bspadar0@dion.ne.jp,Female,Simonis LLC,Văn Giang
974,Benedite,Chase,cbenediter1@google.ca,Male,Quitzon Inc,Nový Bor
975,Kless,Marve,mklessr2@wufoo.com,Male,"Greenfelder, Hackett and Gleason",Bogovinje
976,Tinston,Kahaleel,ktinstonr3@whitehouse.gov,Male,"Champlin, Koch and Tillman",Kamsack
977,Disman,Debor,ddismanr4@abc.net.au,Female,Daniel-Pfannerstill,Quva
978,Utton,Byron,buttonr5@naver.com,Male,Beatty Inc,Chonghe
979,Ratie,Kahlil,kratier6@ca.gov,Male,Kuhn LLC,Marseille
980,Allsepp,Jodi,jallseppr7@icq.com,Male,Cormier Group,Pliska
981,Grayston,Ethyl,egraystonr8@bigcartel.com,Female,Mante Group,Cataguases
982,Whopples,Lutero,lwhopplesr9@trellian.com,Male,Lubowitz-Nicolas,Boyang
983,Vickerman,Leif,lvickermanra@phpbb.com,Male,"Mann, Toy and Borer",Mangge
984,Motherwell,Hendrick,hmotherwellrb@shutterfly.com,Male,Welch-Schaefer,Krajan Alastengah
985,Crewdson,Celine,ccrewdsonrc@exblog.jp,Female,"Wintheiser, Terry and Marquardt",Bangker
986,Gleadhell,Dinah,dgleadhellrd@netscape.com,Female,"O'Conner, Smitham and Kilback",Anwen
987,Cowton,Kathi,kcowtonre@desdev.cn,Female,Hegmann LLC,Jalālpur
988,Plewright,Marlee,mplewrightrf@toplist.cz,Female,"Harber, Heaney and Ruecker",Kazinka
989,Nathan,Ilka,inathanrg@t-online.de,Female,"Hoppe, Ratke and Williamson",Lianovérgi
990,Hay,Lenard,lhayrh@bbc.co.uk,Male,"Waters, Goyette and Ward",Karatau
991,Jane,Fiann,fjaneri@ebay.co.uk,Female,Gislason-VonRueden,Sandviken
992,Broderick,Pauletta,pbroderickrj@themeforest.net,Female,"Considine, Rutherford and Anderson",Siluko
993,Inchley,Luther,linchleyrk@msn.com,Male,Franecki-Mitchell,Miliangju
994,Mickleburgh,Germaine,gmickleburghrl@vinaora.com,Male,"King, Emmerich and Nienow",Az Zulfi
995,Hamments,Godwin,ghammentsrm@salon.com,Male,Douglas-Moen,Bueng Khong Long
996,Younge,Lucio,lyoungern@tinyurl.com,Male,"Rogahn, Carroll and Morar",Kelodan
997,Kilfether,Filip,fkilfetherro@hexun.com,Male,Russel and Sons,Vitry-le-François
998,Mc Harg,Malena,mmchargrp@businesswire.com,Female,"Blick, Klein and Hermiston",Khadan Khāk
999,Gittus,Eloise,egittusrq@aboutads.info,Female,Hilll-Welch,Toktogul
1000,Jurczyk,Jakob,jjurczykrr@ovh.net,Male,"Kuhic, Homenick and Hermiston",Kaiyuan
